No;Node_ID;Wilayah;Jenis_Fasilitas;Pengelola;Latitude;Longitude;Status_Operasional;Kategori_Air_Minum;Keterangan_Air_Minum;Catatan_Data
1;BDG-WATER-001;Kota Bandung;Gerai Air Siap Minum;Franchise;-6,975090;107,661000;Beroperasi Normal;Siap minum;"Gerai air minum siap konsumsi; tetap perlu uji kualitas berkala";
2;BDG-WATER-002;Kota Bandung;Katup Distribusi;Perumda;-6,859860;107,521000;Beroperasi Normal;Belum siap minum;"Katup jaringan distribusi, bukan titik minum; masak dulu sebelum diminum";
3;BDG-WATER-003;Kota Bandung;Gerai Air Siap Minum;Franchise;-6,903600;107,540000;Beroperasi Normal;Siap minum;"Gerai air minum siap konsumsi; tetap perlu uji kualitas berkala";
209;BDG-WATER-004;Kabupaten Bandung;Gerai Air Siap Minum;Franchise;-6,930270;107,725000;Beroperasi Normal;Siap minum;"Gerai air minum siap konsumsi; tetap perlu uji kualitas berkala";
210;BDG-WATER-005;Kabupaten Bandung;Katup Distribusi;Perumda;-7,018800;107,652000;Beroperasi Normal;Belum siap minum;"Katup jaringan distribusi, bukan titik minum; masak dulu sebelum diminum";
211;BDG-WATER-006;Kabupaten Bandung;Instalasi Pengolahan Air (IPA);Perumda;-7,018800;107,502000;Beroperasi Normal;Belum siap minum;"Fasilitas pengolahan, bukan titik minum; air di titik pakai belum tentu layak minum langsung";
134;BDG-WATER-007;Kota Cimahi;Reservoir;Perumda;-7,038380;107,525000;Debit Menurun;Belum siap minum;"Penampung/jaringan distribusi; masak dulu sebelum diminum";
212;BDG-WATER-008;Kabupaten Bandung;Katup Distribusi;Perumda;-6,876770;107,666000;Pemeliharaan;Belum siap minum;"Katup jaringan distribusi, bukan titik minum; masak dulu sebelum diminum";
4;BDG-WATER-009;Kota Bandung;Sumur Bor;Swadaya Masyarakat;-6,929780;107,501000;Beroperasi Normal;Belum siap minum;"Air tanah; perlu diolah/dimasak dan diuji kualitasnya";
135;BDG-WATER-010;Kota Cimahi;Gerai Air Siap Minum;Franchise;-6,908390;107,540000;Beroperasi Normal;Siap minum;"Gerai air minum siap konsumsi; tetap perlu uji kualitas berkala";
136;BDG-WATER-011;Kota Cimahi;Reservoir;Perumda;-7,045880;107,637000;Pemeliharaan;Belum siap minum;"Penampung/jaringan distribusi; masak dulu sebelum diminum";
5;BDG-WATER-012;Kota Bandung;Reservoir;Perumda;-6,856020;107,673000;Debit Menurun;Belum siap minum;"Penampung/jaringan distribusi; masak dulu sebelum diminum";
6;BDG-WATER-013;Kota Bandung;Sumur Bor;Swadaya Masyarakat;-6,883510;107,663000;Beroperasi Normal;Belum siap minum;"Air tanah; perlu diolah/dimasak dan diuji kualitasnya";
213;BDG-WATER-014;Kabupaten Bandung;Sumur Bor;Swadaya Masyarakat;-7,007530;107,556000;Beroperasi Normal;Belum siap minum;"Air tanah; perlu diolah/dimasak dan diuji kualitasnya";
7;BDG-WATER-015;Kota Bandung;Gerai Air Siap Minum;Franchise;-7,013640;107,678000;Beroperasi Normal;Siap minum;"Gerai air minum siap konsumsi; tetap perlu uji kualitas berkala";
8;BDG-WATER-016;Kota Bandung;Reservoir;Perumda;-7,013320;107,559000;Beroperasi Normal;Belum siap minum;"Penampung/jaringan distribusi; masak dulu sebelum diminum";
9;BDG-WATER-017;Kota Bandung;Reservoir;Perumda;-6,989150;107,581000;Beroperasi Normal;Belum siap minum;"Penampung/jaringan distribusi; masak dulu sebelum diminum";
137;BDG-WATER-018;Kota Cimahi;Depot Air;Franchise;-6,945050;107,687000;Beroperasi Normal;Perlu verifikasi;"Depot isi ulang; cek izin/SLHS dan hasil uji kualitas sebelum diminum";
214;BDG-WATER-019;Kabupaten Bandung;Instalasi Pengolahan Air (IPA);Perumda;-6,963610;107,662000;Beroperasi Normal;Belum siap minum;"Fasilitas pengolahan, bukan titik minum; air di titik pakai belum tentu layak minum langsung";
215;BDG-WATER-020;Kabupaten Bandung;Reservoir;Perumda;-6,991750;107,712000;Beroperasi Normal;Belum siap minum;"Penampung/jaringan distribusi; masak dulu sebelum diminum";
216;BDG-WATER-021;Kabupaten Bandung;Instalasi Pengolahan Air (IPA);Perumda;-6,927630;107,664000;Beroperasi Normal;Belum siap minum;"Fasilitas pengolahan, bukan titik minum; air di titik pakai belum tentu layak minum langsung";
217;BDG-WATER-022;Kabupaten Bandung;Gerai Air Siap Minum;Franchise;-7,022100;107,642000;Beroperasi Normal;Siap minum;"Gerai air minum siap konsumsi; tetap perlu uji kualitas berkala";
218;BDG-WATER-023;Kabupaten Bandung;Instalasi Pengolahan Air (IPA);Perumda;-6,991570;107,523000;Beroperasi Normal;Belum siap minum;"Fasilitas pengolahan, bukan titik minum; air di titik pakai belum tentu layak minum langsung";
10;BDG-WATER-024;Kota Bandung;Gerai Air Siap Minum;Franchise;-6,976730;107,592000;Beroperasi Normal;Siap minum;"Gerai air minum siap konsumsi; tetap perlu uji kualitas berkala";
219;BDG-WATER-025;Kabupaten Bandung;Sumur Bor;Swadaya Masyarakat;-6,958790;107,566000;Debit Menurun;Belum siap minum;"Air tanah; perlu diolah/dimasak dan diuji kualitasnya";
11;BDG-WATER-026;Kota Bandung;Sumur Bor;Swadaya Masyarakat;-6,892970;107,561000;Beroperasi Normal;Belum siap minum;"Air tanah; perlu diolah/dimasak dan diuji kualitasnya";
12;BDG-WATER-027;Kota Bandung;Reservoir;Perumda;-7,010070;107,743000;Beroperasi Normal;Belum siap minum;"Penampung/jaringan distribusi; masak dulu sebelum diminum";
13;BDG-WATER-028;Kota Bandung;Instalasi Pengolahan Air (IPA);Perumda;-6,947150;107,598000;Debit Menurun;Belum siap minum;"Fasilitas pengolahan, bukan titik minum; air di titik pakai belum tentu layak minum langsung";
220;BDG-WATER-029;Kabupaten Bandung;Depot Air;Depot Mandiri;-6,931520;107,723000;Beroperasi Normal;Perlu verifikasi;"Depot isi ulang; cek izin/SLHS dan hasil uji kualitas sebelum diminum";
221;BDG-WATER-030;Kabupaten Bandung;Instalasi Pengolahan Air (IPA);Perumda;-7,040710;107,658000;Debit Menurun;Belum siap minum;"Fasilitas pengolahan, bukan titik minum; air di titik pakai belum tentu layak minum langsung";
138;BDG-WATER-031;Kota Cimahi;Gerai Air Siap Minum;Franchise;-6,928490;107,699000;Beroperasi Normal;Siap minum;"Gerai air minum siap konsumsi; tetap perlu uji kualitas berkala";
222;BDG-WATER-032;Kabupaten Bandung;Reservoir;Perumda;-7,015900;107,626000;Pemeliharaan;Belum siap minum;"Penampung/jaringan distribusi; masak dulu sebelum diminum";
14;BDG-WATER-033;Kota Bandung;Instalasi Pengolahan Air (IPA);Perumda;-7,036990;107,644000;Beroperasi Normal;Belum siap minum;"Fasilitas pengolahan, bukan titik minum; air di titik pakai belum tentu layak minum langsung";
223;BDG-WATER-034;Kabupaten Bandung;Depot Air;Franchise;-6,860220;107,623000;Beroperasi Normal;Perlu verifikasi;"Depot isi ulang; cek izin/SLHS dan hasil uji kualitas sebelum diminum";
224;BDG-WATER-035;Kabupaten Bandung;Depot Air;Depot Mandiri;-6,856870;107,549000;Beroperasi Normal;Perlu verifikasi;"Depot isi ulang; cek izin/SLHS dan hasil uji kualitas sebelum diminum";
15;BDG-WATER-036;Kota Bandung;Katup Distribusi;Perumda;-6,888320;107,681000;Pemeliharaan;Belum siap minum;"Katup jaringan distribusi, bukan titik minum; masak dulu sebelum diminum";
139;BDG-WATER-037;Kota Cimahi;Gerai Air Siap Minum;Franchise;-6,989080;107,570000;Debit Menurun;Siap minum;"Gerai air minum siap konsumsi; tetap perlu uji kualitas berkala (saat ini: debit menurun)";
225;BDG-WATER-038;Kabupaten Bandung;Gerai Air Siap Minum;Franchise;-7,030470;107,506000;Beroperasi Normal;Siap minum;"Gerai air minum siap konsumsi; tetap perlu uji kualitas berkala";
16;BDG-WATER-039;Kota Bandung;Reservoir;Perumda;-6,913150;107,661000;Beroperasi Normal;Belum siap minum;"Penampung/jaringan distribusi; masak dulu sebelum diminum";
17;BDG-WATER-040;Kota Bandung;Instalasi Pengolahan Air (IPA);Perumda;-6,961970;107,544000;Beroperasi Normal;Belum siap minum;"Fasilitas pengolahan, bukan titik minum; air di titik pakai belum tentu layak minum langsung";
226;BDG-WATER-041;Kabupaten Bandung;Sumur Bor;Swadaya Masyarakat;-7,025590;107,735000;Beroperasi Normal;Belum siap minum;"Air tanah; perlu diolah/dimasak dan diuji kualitasnya";
227;BDG-WATER-042;Kabupaten Bandung;Katup Distribusi;Perumda;-6,950970;107,738000;Beroperasi Normal;Belum siap minum;"Katup jaringan distribusi, bukan titik minum; masak dulu sebelum diminum";
228;BDG-WATER-043;Kabupaten Bandung;Instalasi Pengolahan Air (IPA);Perumda;-7,043120;107,729000;Beroperasi Normal;Belum siap minum;"Fasilitas pengolahan, bukan titik minum; air di titik pakai belum tentu layak minum langsung";
140;BDG-WATER-044;Kota Cimahi;Katup Distribusi;Perumda;-6,868140;107,593000;Beroperasi Normal;Belum siap minum;"Katup jaringan distribusi, bukan titik minum; masak dulu sebelum diminum";
141;BDG-WATER-045;Kota Cimahi;Gerai Air Siap Minum;Franchise;-6,998240;107,504000;Beroperasi Normal;Siap minum;"Gerai air minum siap konsumsi; tetap perlu uji kualitas berkala";
229;BDG-WATER-046;Kabupaten Bandung;Gerai Air Siap Minum;Franchise;-6,917500;107,732000;Beroperasi Normal;Siap minum;"Gerai air minum siap konsumsi; tetap perlu uji kualitas berkala";
230;BDG-WATER-047;Kabupaten Bandung;Katup Distribusi;Perumda;-6,987660;107,607000;Beroperasi Normal;Belum siap minum;"Katup jaringan distribusi, bukan titik minum; masak dulu sebelum diminum";
18;BDG-WATER-048;Kota Bandung;Reservoir;Perumda;-6,905210;107,614000;Beroperasi Normal;Belum siap minum;"Penampung/jaringan distribusi; masak dulu sebelum diminum";
231;BDG-WATER-049;Kabupaten Bandung;Sumur Bor;Swadaya Masyarakat;-7,012450;107,583000;Beroperasi Normal;Belum siap minum;"Air tanah; perlu diolah/dimasak dan diuji kualitasnya";
142;BDG-WATER-050;Kota Cimahi;Depot Air;Depot Mandiri;-6,884320;107,536000;Beroperasi Normal;Perlu verifikasi;"Depot isi ulang; cek izin/SLHS dan hasil uji kualitas sebelum diminum";
338;BDG-WATER-051;Kabupaten Bandung Barat;Gerai Air Siap Minum;Franchise;-6,823150;107,493000;Beroperasi Normal;Siap minum;"Gerai air minum siap konsumsi; tetap perlu uji kualitas berkala";
19;BDG-WATER-052;Kota Bandung;Katup Distribusi;Perumda;-6,918420;107,642000;Debit Menurun;Belum siap minum;"Katup jaringan distribusi, bukan titik minum; masak dulu sebelum diminum";
232;BDG-WATER-053;Kabupaten Bandung;Instalasi Pengolahan Air (IPA);Perumda;-7,021360;107,617000;Beroperasi Normal;Belum siap minum;"Fasilitas pengolahan, bukan titik minum; air di titik pakai belum tentu layak minum langsung";
20;BDG-WATER-054;Kota Bandung;Sumur Bor;Swadaya Masyarakat;-6,936250;107,581000;Beroperasi Normal;Belum siap minum;"Air tanah; perlu diolah/dimasak dan diuji kualitasnya";
143;BDG-WATER-055;Kota Cimahi;Reservoir;Perumda;-6,892170;107,548000;Pemeliharaan;Belum siap minum;"Penampung/jaringan distribusi; masak dulu sebelum diminum";
233;BDG-WATER-056;Kabupaten Bandung;Depot Air;Franchise;-7,045280;107,641000;Beroperasi Normal;Perlu verifikasi;"Depot isi ulang; cek izin/SLHS dan hasil uji kualitas sebelum diminum";
21;BDG-WATER-057;Kota Bandung;Gerai Air Siap Minum;Franchise;-6,887350;107,625000;Beroperasi Normal;Siap minum;"Gerai air minum siap konsumsi; tetap perlu uji kualitas berkala";
339;BDG-WATER-058;Kabupaten Bandung Barat;Mata Air Alami;Swadaya Masyarakat;-6,812460;107,517000;Beroperasi Normal;Belum siap minum;"Air baku mata air; perlu diolah/dimasak dan diuji kualitasnya";
22;BDG-WATER-059;Kota Bandung;Instalasi Pengolahan Air (IPA);Perumda;-6,924310;107,574000;Beroperasi Normal;Belum siap minum;"Fasilitas pengolahan, bukan titik minum; air di titik pakai belum tentu layak minum langsung";
234;BDG-WATER-060;Kabupaten Bandung;Katup Distribusi;Perumda;-7,031270;107,692000;Debit Menurun;Belum siap minum;"Katup jaringan distribusi, bukan titik minum; masak dulu sebelum diminum";
144;BDG-WATER-061;Kota Cimahi;Sumur Bor;Swadaya Masyarakat;-6,879410;107,522000;Beroperasi Normal;Belum siap minum;"Air tanah; perlu diolah/dimasak dan diuji kualitasnya";
23;BDG-WATER-062;Kota Bandung;Reservoir;Perumda;-6,901260;107,658000;Beroperasi Normal;Belum siap minum;"Penampung/jaringan distribusi; masak dulu sebelum diminum";
235;BDG-WATER-063;Kabupaten Bandung;Gerai Air Siap Minum;Franchise;-7,015830;107,549000;Beroperasi Normal;Siap minum;"Gerai air minum siap konsumsi; tetap perlu uji kualitas berkala";
340;BDG-WATER-064;Kabupaten Bandung Barat;Depot Air;Depot Mandiri;-6,837250;107,486000;Pemeliharaan;Perlu verifikasi;"Depot isi ulang; cek izin/SLHS dan hasil uji kualitas sebelum diminum";
24;BDG-WATER-065;Kota Bandung;Katup Distribusi;Perumda;-6,947320;107,617000;Beroperasi Normal;Belum siap minum;"Katup jaringan distribusi, bukan titik minum; masak dulu sebelum diminum";
236;BDG-WATER-066;Kabupaten Bandung;Reservoir;Perumda;-7,056410;107,638000;Beroperasi Normal;Belum siap minum;"Penampung/jaringan distribusi; masak dulu sebelum diminum";
145;BDG-WATER-067;Kota Cimahi;Instalasi Pengolahan Air (IPA);Perumda;-6,871260;107,554000;Beroperasi Normal;Belum siap minum;"Fasilitas pengolahan, bukan titik minum; air di titik pakai belum tentu layak minum langsung";
25;BDG-WATER-068;Kota Bandung;Sumur Bor;Swadaya Masyarakat;-6,913570;107,586000;Debit Menurun;Belum siap minum;"Air tanah; perlu diolah/dimasak dan diuji kualitasnya";
237;BDG-WATER-069;Kabupaten Bandung;Mata Air Alami;Swadaya Masyarakat;-6,984210;107,704000;Beroperasi Normal;Belum siap minum;"Air baku mata air; perlu diolah/dimasak dan diuji kualitasnya";
341;BDG-WATER-070;Kabupaten Bandung Barat;Katup Distribusi;Perumda;-6,828530;107,462000;Beroperasi Normal;Belum siap minum;"Katup jaringan distribusi, bukan titik minum; masak dulu sebelum diminum";
26;BDG-WATER-071;Kota Bandung;Depot Air;Franchise;-6,932160;107,635000;Beroperasi Normal;Perlu verifikasi;"Depot isi ulang; cek izin/SLHS dan hasil uji kualitas sebelum diminum";
146;BDG-WATER-072;Kota Cimahi;Gerai Air Siap Minum;Franchise;-6,897430;107,519000;Pemeliharaan;Siap minum;"Gerai air minum siap konsumsi; tetap perlu uji kualitas berkala (saat ini: pemeliharaan)";
238;BDG-WATER-073;Kabupaten Bandung;Instalasi Pengolahan Air (IPA);Perumda;-7,027520;107,668000;Beroperasi Normal;Belum siap minum;"Fasilitas pengolahan, bukan titik minum; air di titik pakai belum tentu layak minum langsung";
27;BDG-WATER-074;Kota Bandung;Reservoir;Perumda;-6,881350;107,649000;Beroperasi Normal;Belum siap minum;"Penampung/jaringan distribusi; masak dulu sebelum diminum";
342;BDG-WATER-075;Kabupaten Bandung Barat;Sumur Bor;Swadaya Masyarakat;-6,816270;107,531000;Debit Menurun;Belum siap minum;"Air tanah; perlu diolah/dimasak dan diuji kualitasnya";
239;BDG-WATER-076;Kabupaten Bandung;Katup Distribusi;Perumda;-7,039140;107,573000;Beroperasi Normal;Belum siap minum;"Katup jaringan distribusi, bukan titik minum; masak dulu sebelum diminum";
28;BDG-WATER-077;Kota Bandung;Gerai Air Siap Minum;Franchise;-6,911280;107,697000;Beroperasi Normal;Siap minum;"Gerai air minum siap konsumsi; tetap perlu uji kualitas berkala";
147;BDG-WATER-078;Kota Cimahi;Depot Air;Depot Mandiri;-6,865320;107,543000;Beroperasi Normal;Perlu verifikasi;"Depot isi ulang; cek izin/SLHS dan hasil uji kualitas sebelum diminum";
240;BDG-WATER-079;Kabupaten Bandung;Mata Air Alami;Swadaya Masyarakat;-6,972450;107,681000;Beroperasi Normal;Belum siap minum;"Air baku mata air; perlu diolah/dimasak dan diuji kualitasnya";
29;BDG-WATER-080;Kota Bandung;Instalasi Pengolahan Air (IPA);Perumda;-6,929170;107,606000;Pemeliharaan;Belum siap minum;"Fasilitas pengolahan, bukan titik minum; air di titik pakai belum tentu layak minum langsung";
343;BDG-WATER-081;Kabupaten Bandung Barat;Reservoir;Perumda;-6,804250;107,508000;Beroperasi Normal;Belum siap minum;"Penampung/jaringan distribusi; masak dulu sebelum diminum";
241;BDG-WATER-082;Kabupaten Bandung;Sumur Bor;Swadaya Masyarakat;-7,018520;107,621000;Beroperasi Normal;Belum siap minum;"Air tanah; perlu diolah/dimasak dan diuji kualitasnya";
30;BDG-WATER-083;Kota Bandung;Katup Distribusi;Perumda;-6,896410;107,674000;Debit Menurun;Belum siap minum;"Katup jaringan distribusi, bukan titik minum; masak dulu sebelum diminum";
148;BDG-WATER-084;Kota Cimahi;Gerai Air Siap Minum;Franchise;-6,884260;107,561000;Beroperasi Normal;Siap minum;"Gerai air minum siap konsumsi; tetap perlu uji kualitas berkala";
242;BDG-WATER-085;Kabupaten Bandung;Depot Air;Depot Mandiri;-7,049310;107,714000;Beroperasi Normal;Perlu verifikasi;"Depot isi ulang; cek izin/SLHS dan hasil uji kualitas sebelum diminum";
31;BDG-WATER-086;Kota Bandung;Reservoir;Perumda;-6,943280;107,653000;Beroperasi Normal;Belum siap minum;"Penampung/jaringan distribusi; masak dulu sebelum diminum";
344;BDG-WATER-087;Kabupaten Bandung Barat;Mata Air Alami;Swadaya Masyarakat;-6,791520;107,478000;Beroperasi Normal;Belum siap minum;"Air baku mata air; perlu diolah/dimasak dan diuji kualitasnya";
243;BDG-WATER-088;Kabupaten Bandung;Instalasi Pengolahan Air (IPA);Perumda;-7,006340;107,587000;Debit Menurun;Belum siap minum;"Fasilitas pengolahan, bukan titik minum; air di titik pakai belum tentu layak minum langsung";
149;BDG-WATER-089;Kota Cimahi;Katup Distribusi;Perumda;-6,873210;107,527000;Beroperasi Normal;Belum siap minum;"Katup jaringan distribusi, bukan titik minum; masak dulu sebelum diminum";
32;BDG-WATER-090;Kota Bandung;Sumur Bor;Swadaya Masyarakat;-6,918370;107,618000;Beroperasi Normal;Belum siap minum;"Air tanah; perlu diolah/dimasak dan diuji kualitasnya";
244;BDG-WATER-091;Kabupaten Bandung;Reservoir;Perumda;-7,033150;107,645000;Pemeliharaan;Belum siap minum;"Penampung/jaringan distribusi; masak dulu sebelum diminum";
345;BDG-WATER-092;Kabupaten Bandung Barat;Depot Air;Franchise;-6,835270;107,514000;Beroperasi Normal;Perlu verifikasi;"Depot isi ulang; cek izin/SLHS dan hasil uji kualitas sebelum diminum";
33;BDG-WATER-093;Kota Bandung;Gerai Air Siap Minum;Franchise;-6,903480;107,572000;Beroperasi Normal;Siap minum;"Gerai air minum siap konsumsi; tetap perlu uji kualitas berkala";
150;BDG-WATER-094;Kota Cimahi;Instalasi Pengolahan Air (IPA);Perumda;-6,892530;107,581000;Beroperasi Normal;Belum siap minum;"Fasilitas pengolahan, bukan titik minum; air di titik pakai belum tentu layak minum langsung";
245;BDG-WATER-095;Kabupaten Bandung;Katup Distribusi;Perumda;-7,011260;107,735000;Debit Menurun;Belum siap minum;"Katup jaringan distribusi, bukan titik minum; masak dulu sebelum diminum";
34;BDG-WATER-096;Kota Bandung;Mata Air Alami;Swadaya Masyarakat;-6,958340;107,629000;Beroperasi Normal;Belum siap minum;"Air baku mata air; perlu diolah/dimasak dan diuji kualitasnya";
346;BDG-WATER-097;Kabupaten Bandung Barat;Reservoir;Perumda;-6,821470;107,549000;Beroperasi Normal;Belum siap minum;"Penampung/jaringan distribusi; masak dulu sebelum diminum";
35;BDG-WATER-098;Kota Bandung;Depot Air;Depot Mandiri;-6,937250;107,696000;Beroperasi Normal;Perlu verifikasi;"Depot isi ulang; cek izin/SLHS dan hasil uji kualitas sebelum diminum";
151;BDG-WATER-099;Kota Cimahi;Sumur Bor;Swadaya Masyarakat;-6,879520;107,568000;Pemeliharaan;Belum siap minum;"Air tanah; perlu diolah/dimasak dan diuji kualitasnya";
246;BDG-WATER-100;Kabupaten Bandung;Gerai Air Siap Minum;Franchise;-7,041360;107,608000;Beroperasi Normal;Siap minum;"Gerai air minum siap konsumsi; tetap perlu uji kualitas berkala";
36;BDG-WATER-101;Kota Bandung;Reservoir;Perumda;-6,915280;107,604000;Beroperasi Normal;Belum siap minum;"Penampung/jaringan distribusi; masak dulu sebelum diminum";Kemungkinan duplikat BR-WATER-101
247;BDG-WATER-102;Kabupaten Bandung;Sumur Bor;Swadaya Masyarakat;-7,024620;107,576000;Beroperasi Normal;Belum siap minum;"Air tanah; perlu diolah/dimasak dan diuji kualitasnya";Kemungkinan duplikat BR-WATER-102
152;BDG-WATER-103;Kota Cimahi;Katup Distribusi;Perumda;-6,878420;107,546000;Beroperasi Normal;Belum siap minum;"Katup jaringan distribusi, bukan titik minum; masak dulu sebelum diminum";Kemungkinan duplikat BR-WATER-103
347;BDG-WATER-104;Kabupaten Bandung Barat;Mata Air Alami;Swadaya Masyarakat;-6,817530;107,502000;Debit Menurun;Belum siap minum;"Air baku mata air; perlu diolah/dimasak dan diuji kualitasnya";Kemungkinan duplikat BR-WATER-104
37;BDG-WATER-105;Kota Bandung;Instalasi Pengolahan Air (IPA);Perumda;-6,901430;107,632000;Beroperasi Normal;Belum siap minum;"Fasilitas pengolahan, bukan titik minum; air di titik pakai belum tentu layak minum langsung";Kemungkinan duplikat BR-WATER-105
248;BDG-WATER-106;Kabupaten Bandung;Katup Distribusi;Perumda;-7,041730;107,594000;Beroperasi Normal;Belum siap minum;"Katup jaringan distribusi, bukan titik minum; masak dulu sebelum diminum";Kemungkinan duplikat BR-WATER-106
153;BDG-WATER-107;Kota Cimahi;Reservoir;Perumda;-6,887320;107,520000;Pemeliharaan;Belum siap minum;"Penampung/jaringan distribusi; masak dulu sebelum diminum";Kemungkinan duplikat BR-WATER-107
38;BDG-WATER-108;Kota Bandung;Sumur Bor;Swadaya Masyarakat;-6,934820;107,613000;Beroperasi Normal;Belum siap minum;"Air tanah; perlu diolah/dimasak dan diuji kualitasnya";Kemungkinan duplikat BR-WATER-108
348;BDG-WATER-109;Kabupaten Bandung Barat;Instalasi Pengolahan Air (IPA);Perumda;-6,829610;107,476000;Beroperasi Normal;Belum siap minum;"Fasilitas pengolahan, bukan titik minum; air di titik pakai belum tentu layak minum langsung";Kemungkinan duplikat BR-WATER-109
249;BDG-WATER-110;Kabupaten Bandung;Mata Air Alami;Swadaya Masyarakat;-7,011530;107,714000;Beroperasi Normal;Belum siap minum;"Air baku mata air; perlu diolah/dimasak dan diuji kualitasnya";Kemungkinan duplikat BR-WATER-110
39;BDG-WATER-111;Kota Bandung;Reservoir;Perumda;-6,884220;107,648000;Debit Menurun;Belum siap minum;"Penampung/jaringan distribusi; masak dulu sebelum diminum";Kemungkinan duplikat BR-WATER-111
154;BDG-WATER-112;Kota Cimahi;Sumur Bor;Swadaya Masyarakat;-6,870420;107,538000;Beroperasi Normal;Belum siap minum;"Air tanah; perlu diolah/dimasak dan diuji kualitasnya";Kemungkinan duplikat BR-WATER-112
250;BDG-WATER-113;Kabupaten Bandung;Katup Distribusi;Perumda;-6,973520;107,625000;Beroperasi Normal;Belum siap minum;"Katup jaringan distribusi, bukan titik minum; masak dulu sebelum diminum";Kemungkinan duplikat BR-WATER-113
349;BDG-WATER-114;Kabupaten Bandung Barat;Reservoir;Perumda;-6,845320;107,523000;Beroperasi Normal;Belum siap minum;"Penampung/jaringan distribusi; masak dulu sebelum diminum";Kemungkinan duplikat BR-WATER-114
40;BDG-WATER-115;Kota Bandung;Mata Air Alami;Swadaya Masyarakat;-6,942620;107,668000;Beroperasi Normal;Belum siap minum;"Air baku mata air; perlu diolah/dimasak dan diuji kualitasnya";Kemungkinan duplikat BR-WATER-115
251;BDG-WATER-116;Kabupaten Bandung;Instalasi Pengolahan Air (IPA);Perumda;-7,029420;107,683000;Beroperasi Normal;Belum siap minum;"Fasilitas pengolahan, bukan titik minum; air di titik pakai belum tentu layak minum langsung";Kemungkinan duplikat BR-WATER-116
155;BDG-WATER-117;Kota Cimahi;Katup Distribusi;Perumda;-6,882730;107,528000;Debit Menurun;Belum siap minum;"Katup jaringan distribusi, bukan titik minum; masak dulu sebelum diminum";Kemungkinan duplikat BR-WATER-117
41;BDG-WATER-118;Kota Bandung;Sumur Bor;Swadaya Masyarakat;-6,919620;107,583000;Beroperasi Normal;Belum siap minum;"Air tanah; perlu diolah/dimasak dan diuji kualitasnya";Kemungkinan duplikat BR-WATER-118
350;BDG-WATER-119;Kabupaten Bandung Barat;Mata Air Alami;Swadaya Masyarakat;-6,801430;107,488000;Beroperasi Normal;Belum siap minum;"Air baku mata air; perlu diolah/dimasak dan diuji kualitasnya";Kemungkinan duplikat BR-WATER-119
252;BDG-WATER-120;Kabupaten Bandung;Reservoir;Perumda;-7,053620;107,618000;Pemeliharaan;Belum siap minum;"Penampung/jaringan distribusi; masak dulu sebelum diminum";Kemungkinan duplikat BR-WATER-120
42;BDG-WATER-121;Kota Bandung;Katup Distribusi;Perumda;-6,897320;107,675000;Beroperasi Normal;Belum siap minum;"Katup jaringan distribusi, bukan titik minum; masak dulu sebelum diminum";Kemungkinan duplikat BR-WATER-121
156;BDG-WATER-122;Kota Cimahi;Instalasi Pengolahan Air (IPA);Perumda;-6,868520;107,552000;Beroperasi Normal;Belum siap minum;"Fasilitas pengolahan, bukan titik minum; air di titik pakai belum tentu layak minum langsung";Kemungkinan duplikat BR-WATER-122
253;BDG-WATER-123;Kabupaten Bandung;Sumur Bor;Swadaya Masyarakat;-7,016820;107,541000;Beroperasi Normal;Belum siap minum;"Air tanah; perlu diolah/dimasak dan diuji kualitasnya";Kemungkinan duplikat BR-WATER-123
351;BDG-WATER-124;Kabupaten Bandung Barat;Reservoir;Perumda;-6,824720;107,544000;Debit Menurun;Belum siap minum;"Penampung/jaringan distribusi; masak dulu sebelum diminum";Kemungkinan duplikat BR-WATER-124
43;BDG-WATER-125;Kota Bandung;Instalasi Pengolahan Air (IPA);Perumda;-6,910320;107,617000;Beroperasi Normal;Belum siap minum;"Fasilitas pengolahan, bukan titik minum; air di titik pakai belum tentu layak minum langsung";Kemungkinan duplikat BR-WATER-125
254;BDG-WATER-126;Kabupaten Bandung;Mata Air Alami;Swadaya Masyarakat;-7,034220;107,682000;Beroperasi Normal;Belum siap minum;"Air baku mata air; perlu diolah/dimasak dan diuji kualitasnya";Kemungkinan duplikat BR-WATER-126
157;BDG-WATER-127;Kota Cimahi;Reservoir;Perumda;-6,891520;107,511000;Beroperasi Normal;Belum siap minum;"Penampung/jaringan distribusi; masak dulu sebelum diminum";Kemungkinan duplikat BR-WATER-127
44;BDG-WATER-128;Kota Bandung;Sumur Bor;Swadaya Masyarakat;-6,926420;107,646000;Pemeliharaan;Belum siap minum;"Air tanah; perlu diolah/dimasak dan diuji kualitasnya";Kemungkinan duplikat BR-WATER-128
352;BDG-WATER-129;Kabupaten Bandung Barat;Katup Distribusi;Perumda;-6,812620;107,497000;Beroperasi Normal;Belum siap minum;"Katup jaringan distribusi, bukan titik minum; masak dulu sebelum diminum";Kemungkinan duplikat BR-WATER-129
255;BDG-WATER-130;Kabupaten Bandung;Reservoir;Perumda;-7,001530;107,626000;Beroperasi Normal;Belum siap minum;"Penampung/jaringan distribusi; masak dulu sebelum diminum";Kemungkinan duplikat BR-WATER-130
45;BDG-WATER-131;Kota Bandung;Mata Air Alami;Swadaya Masyarakat;-6,952420;107,594000;Beroperasi Normal;Belum siap minum;"Air baku mata air; perlu diolah/dimasak dan diuji kualitasnya";Kemungkinan duplikat BR-WATER-131
158;BDG-WATER-132;Kota Cimahi;Sumur Bor;Swadaya Masyarakat;-6,875620;107,532000;Debit Menurun;Belum siap minum;"Air tanah; perlu diolah/dimasak dan diuji kualitasnya";Kemungkinan duplikat BR-WATER-132
256;BDG-WATER-133;Kabupaten Bandung;Katup Distribusi;Perumda;-7,045320;107,563000;Beroperasi Normal;Belum siap minum;"Katup jaringan distribusi, bukan titik minum; masak dulu sebelum diminum";Kemungkinan duplikat BR-WATER-133
353;BDG-WATER-134;Kabupaten Bandung Barat;Instalasi Pengolahan Air (IPA);Perumda;-6,837220;107,472000;Beroperasi Normal;Belum siap minum;"Fasilitas pengolahan, bukan titik minum; air di titik pakai belum tentu layak minum langsung";Kemungkinan duplikat BR-WATER-134
46;BDG-WATER-135;Kota Bandung;Reservoir;Perumda;-6,889420;107,662000;Beroperasi Normal;Belum siap minum;"Penampung/jaringan distribusi; masak dulu sebelum diminum";Kemungkinan duplikat BR-WATER-135
257;BDG-WATER-136;Kabupaten Bandung;Sumur Bor;Swadaya Masyarakat;-7,018620;107,593000;Beroperasi Normal;Belum siap minum;"Air tanah; perlu diolah/dimasak dan diuji kualitasnya";Kemungkinan duplikat BR-WATER-136
159;BDG-WATER-137;Kota Cimahi;Katup Distribusi;Perumda;-6,898220;107,519000;Pemeliharaan;Belum siap minum;"Katup jaringan distribusi, bukan titik minum; masak dulu sebelum diminum";Kemungkinan duplikat BR-WATER-137
47;BDG-WATER-138;Kota Bandung;Instalasi Pengolahan Air (IPA);Perumda;-6,914730;107,573000;Beroperasi Normal;Belum siap minum;"Fasilitas pengolahan, bukan titik minum; air di titik pakai belum tentu layak minum langsung";Kemungkinan duplikat BR-WATER-138
354;BDG-WATER-139;Kabupaten Bandung Barat;Mata Air Alami;Swadaya Masyarakat;-6,789420;107,512000;Beroperasi Normal;Belum siap minum;"Air baku mata air; perlu diolah/dimasak dan diuji kualitasnya";Kemungkinan duplikat BR-WATER-139
258;BDG-WATER-140;Kabupaten Bandung;Reservoir;Perumda;-7,062320;107,649000;Debit Menurun;Belum siap minum;"Penampung/jaringan distribusi; masak dulu sebelum diminum";Kemungkinan duplikat BR-WATER-140
48;BDG-WATER-141;Kota Bandung;Katup Distribusi;Perumda;-6,932420;107,655000;Beroperasi Normal;Belum siap minum;"Katup jaringan distribusi, bukan titik minum; masak dulu sebelum diminum";Kemungkinan duplikat BR-WATER-141
160;BDG-WATER-142;Kota Cimahi;Reservoir;Perumda;-6,865720;107,546000;Beroperasi Normal;Belum siap minum;"Penampung/jaringan distribusi; masak dulu sebelum diminum";Kemungkinan duplikat BR-WATER-142
259;BDG-WATER-143;Kabupaten Bandung;Mata Air Alami;Swadaya Masyarakat;-6,986420;107,695000;Beroperasi Normal;Belum siap minum;"Air baku mata air; perlu diolah/dimasak dan diuji kualitasnya";Kemungkinan duplikat BR-WATER-143
355;BDG-WATER-144;Kabupaten Bandung Barat;Sumur Bor;Swadaya Masyarakat;-6,815820;107,528000;Beroperasi Normal;Belum siap minum;"Air tanah; perlu diolah/dimasak dan diuji kualitasnya";Kemungkinan duplikat BR-WATER-144
49;BDG-WATER-145;Kota Bandung;Sumur Bor;Swadaya Masyarakat;-6,904220;107,608000;Debit Menurun;Belum siap minum;"Air tanah; perlu diolah/dimasak dan diuji kualitasnya";Kemungkinan duplikat BR-WATER-145
260;BDG-WATER-146;Kabupaten Bandung;Instalasi Pengolahan Air (IPA);Perumda;-7,027320;107,662000;Beroperasi Normal;Belum siap minum;"Fasilitas pengolahan, bukan titik minum; air di titik pakai belum tentu layak minum langsung";Kemungkinan duplikat BR-WATER-146
161;BDG-WATER-147;Kota Cimahi;Katup Distribusi;Perumda;-6,881430;107,559000;Beroperasi Normal;Belum siap minum;"Katup jaringan distribusi, bukan titik minum; masak dulu sebelum diminum";Kemungkinan duplikat BR-WATER-147
50;BDG-WATER-148;Kota Bandung;Reservoir;Perumda;-6,918320;107,675000;Pemeliharaan;Belum siap minum;"Penampung/jaringan distribusi; masak dulu sebelum diminum";Kemungkinan duplikat BR-WATER-148
356;BDG-WATER-149;Kabupaten Bandung Barat;Mata Air Alami;Swadaya Masyarakat;-6,831620;107,459000;Beroperasi Normal;Belum siap minum;"Air baku mata air; perlu diolah/dimasak dan diuji kualitasnya";Kemungkinan duplikat BR-WATER-149
261;BDG-WATER-150;Kabupaten Bandung;Katup Distribusi;Perumda;-7,008420;107,575000;Beroperasi Normal;Belum siap minum;"Katup jaringan distribusi, bukan titik minum; masak dulu sebelum diminum";Kemungkinan duplikat BR-WATER-150
51;BDG-WATER-151;Kota Bandung;Instalasi Pengolahan Air (IPA);Perumda;-6,897820;107,584000;Beroperasi Normal;Belum siap minum;"Fasilitas pengolahan, bukan titik minum; air di titik pakai belum tentu layak minum langsung";Kemungkinan duplikat BR-WATER-151
162;BDG-WATER-152;Kota Cimahi;Sumur Bor;Swadaya Masyarakat;-6,872320;107,521000;Beroperasi Normal;Belum siap minum;"Air tanah; perlu diolah/dimasak dan diuji kualitasnya";Kemungkinan duplikat BR-WATER-152
262;BDG-WATER-153;Kabupaten Bandung;Reservoir;Perumda;-6,968420;107,643000;Debit Menurun;Belum siap minum;"Penampung/jaringan distribusi; masak dulu sebelum diminum";Kemungkinan duplikat BR-WATER-153
357;BDG-WATER-154;Kabupaten Bandung Barat;Katup Distribusi;Perumda;-6,806320;107,547000;Beroperasi Normal;Belum siap minum;"Katup jaringan distribusi, bukan titik minum; masak dulu sebelum diminum";Kemungkinan duplikat BR-WATER-154
52;BDG-WATER-155;Kota Bandung;Mata Air Alami;Swadaya Masyarakat;-6,939220;107,619000;Beroperasi Normal;Belum siap minum;"Air baku mata air; perlu diolah/dimasak dan diuji kualitasnya";Kemungkinan duplikat BR-WATER-155
263;BDG-WATER-156;Kabupaten Bandung;Sumur Bor;Swadaya Masyarakat;-7,038620;107,532000;Beroperasi Normal;Belum siap minum;"Air tanah; perlu diolah/dimasak dan diuji kualitasnya";Kemungkinan duplikat BR-WATER-156
163;BDG-WATER-157;Kota Cimahi;Reservoir;Perumda;-6,885420;107,533000;Beroperasi Normal;Belum siap minum;"Penampung/jaringan distribusi; masak dulu sebelum diminum";Kemungkinan duplikat BR-WATER-157
53;BDG-WATER-158;Kota Bandung;Katup Distribusi;Perumda;-6,911820;107,657000;Debit Menurun;Belum siap minum;"Katup jaringan distribusi, bukan titik minum; masak dulu sebelum diminum";Kemungkinan duplikat BR-WATER-158
358;BDG-WATER-159;Kabupaten Bandung Barat;Mata Air Alami;Swadaya Masyarakat;-6,824320;107,486000;Beroperasi Normal;Belum siap minum;"Air baku mata air; perlu diolah/dimasak dan diuji kualitasnya";Kemungkinan duplikat BR-WATER-159
264;BDG-WATER-160;Kabupaten Bandung;Instalasi Pengolahan Air (IPA);Perumda;-7,021420;107,672000;Pemeliharaan;Belum siap minum;"Fasilitas pengolahan, bukan titik minum; air di titik pakai belum tentu layak minum langsung";Kemungkinan duplikat BR-WATER-160
54;BDG-WATER-161;Kota Bandung;Reservoir;Perumda;-6,925320;107,595000;Beroperasi Normal;Belum siap minum;"Penampung/jaringan distribusi; masak dulu sebelum diminum";Kemungkinan duplikat BR-WATER-161
164;BDG-WATER-162;Kota Cimahi;Katup Distribusi;Perumda;-6,893620;107,542000;Beroperasi Normal;Belum siap minum;"Katup jaringan distribusi, bukan titik minum; masak dulu sebelum diminum";Kemungkinan duplikat BR-WATER-162
265;BDG-WATER-163;Kabupaten Bandung;Mata Air Alami;Swadaya Masyarakat;-6,982420;107,719000;Beroperasi Normal;Belum siap minum;"Air baku mata air; perlu diolah/dimasak dan diuji kualitasnya";Kemungkinan duplikat BR-WATER-163
359;BDG-WATER-164;Kabupaten Bandung Barat;Sumur Bor;Swadaya Masyarakat;-6,817220;107,514000;Debit Menurun;Belum siap minum;"Air tanah; perlu diolah/dimasak dan diuji kualitasnya";Kemungkinan duplikat BR-WATER-164
55;BDG-WATER-165;Kota Bandung;Instalasi Pengolahan Air (IPA);Perumda;-6,901620;107,568000;Beroperasi Normal;Belum siap minum;"Fasilitas pengolahan, bukan titik minum; air di titik pakai belum tentu layak minum langsung";Kemungkinan duplikat BR-WATER-165
266;BDG-WATER-166;Kabupaten Bandung;Reservoir;Perumda;-7,049320;107,608000;Beroperasi Normal;Belum siap minum;"Penampung/jaringan distribusi; masak dulu sebelum diminum";Kemungkinan duplikat BR-WATER-166
165;BDG-WATER-167;Kota Cimahi;Sumur Bor;Swadaya Masyarakat;-6,879220;107,557000;Beroperasi Normal;Belum siap minum;"Air tanah; perlu diolah/dimasak dan diuji kualitasnya";Kemungkinan duplikat BR-WATER-167
56;BDG-WATER-168;Kota Bandung;Katup Distribusi;Perumda;-6,937420;107,641000;Pemeliharaan;Belum siap minum;"Katup jaringan distribusi, bukan titik minum; masak dulu sebelum diminum";Kemungkinan duplikat BR-WATER-168
360;BDG-WATER-169;Kabupaten Bandung Barat;Mata Air Alami;Swadaya Masyarakat;-6,793620;107,503000;Beroperasi Normal;Belum siap minum;"Air baku mata air; perlu diolah/dimasak dan diuji kualitasnya";Kemungkinan duplikat BR-WATER-169
267;BDG-WATER-170;Kabupaten Bandung;Sumur Bor;Swadaya Masyarakat;-7,015320;107,558000;Beroperasi Normal;Belum siap minum;"Air tanah; perlu diolah/dimasak dan diuji kualitasnya";Kemungkinan duplikat BR-WATER-170
57;BDG-WATER-171;Kota Bandung;Reservoir;Perumda;-6,882420;107,681000;Debit Menurun;Belum siap minum;"Penampung/jaringan distribusi; masak dulu sebelum diminum";Kemungkinan duplikat BR-WATER-171
166;BDG-WATER-172;Kota Cimahi;Instalasi Pengolahan Air (IPA);Perumda;-6,867320;107,526000;Beroperasi Normal;Belum siap minum;"Fasilitas pengolahan, bukan titik minum; air di titik pakai belum tentu layak minum langsung";Kemungkinan duplikat BR-WATER-172
268;BDG-WATER-173;Kabupaten Bandung;Katup Distribusi;Perumda;-7,031620;107,619000;Beroperasi Normal;Belum siap minum;"Katup jaringan distribusi, bukan titik minum; masak dulu sebelum diminum";Kemungkinan duplikat BR-WATER-173
361;BDG-WATER-174;Kabupaten Bandung Barat;Reservoir;Perumda;-6,838220;107,536000;Beroperasi Normal;Belum siap minum;"Penampung/jaringan distribusi; masak dulu sebelum diminum";Kemungkinan duplikat BR-WATER-174
58;BDG-WATER-175;Kota Bandung;Mata Air Alami;Swadaya Masyarakat;-6,949320;107,608000;Beroperasi Normal;Belum siap minum;"Air baku mata air; perlu diolah/dimasak dan diuji kualitasnya";Kemungkinan duplikat BR-WATER-175
269;BDG-WATER-176;Kabupaten Bandung;Instalasi Pengolahan Air (IPA);Perumda;-6,997620;107,689000;Debit Menurun;Belum siap minum;"Fasilitas pengolahan, bukan titik minum; air di titik pakai belum tentu layak minum langsung";Kemungkinan duplikat BR-WATER-176
167;BDG-WATER-177;Kota Cimahi;Reservoir;Perumda;-6,890320;107,551000;Beroperasi Normal;Belum siap minum;"Penampung/jaringan distribusi; masak dulu sebelum diminum";Kemungkinan duplikat BR-WATER-177
59;BDG-WATER-178;Kota Bandung;Sumur Bor;Swadaya Masyarakat;-6,917420;107,637000;Beroperasi Normal;Belum siap minum;"Air tanah; perlu diolah/dimasak dan diuji kualitasnya";Kemungkinan duplikat BR-WATER-178
362;BDG-WATER-179;Kabupaten Bandung Barat;Katup Distribusi;Perumda;-6,811320;107,482000;Beroperasi Normal;Belum siap minum;"Katup jaringan distribusi, bukan titik minum; masak dulu sebelum diminum";Kemungkinan duplikat BR-WATER-179
270;BDG-WATER-180;Kabupaten Bandung;Mata Air Alami;Swadaya Masyarakat;-7,057420;107,706000;Pemeliharaan;Belum siap minum;"Air baku mata air; perlu diolah/dimasak dan diuji kualitasnya";Kemungkinan duplikat BR-WATER-180
60;BDG-WATER-181;Kota Bandung;Reservoir;Perumda;-6,906320;107,681000;Beroperasi Normal;Belum siap minum;"Penampung/jaringan distribusi; masak dulu sebelum diminum";Kemungkinan duplikat BR-WATER-181
168;BDG-WATER-182;Kota Cimahi;Katup Distribusi;Perumda;-6,875420;107,516000;Debit Menurun;Belum siap minum;"Katup jaringan distribusi, bukan titik minum; masak dulu sebelum diminum";Kemungkinan duplikat BR-WATER-182
271;BDG-WATER-183;Kabupaten Bandung;Sumur Bor;Swadaya Masyarakat;-7,024320;107,612000;Beroperasi Normal;Belum siap minum;"Air tanah; perlu diolah/dimasak dan diuji kualitasnya";Kemungkinan duplikat BR-WATER-183
363;BDG-WATER-184;Kabupaten Bandung Barat;Mata Air Alami;Swadaya Masyarakat;-6,802420;107,526000;Beroperasi Normal;Belum siap minum;"Air baku mata air; perlu diolah/dimasak dan diuji kualitasnya";Kemungkinan duplikat BR-WATER-184
61;BDG-WATER-185;Kota Bandung;Instalasi Pengolahan Air (IPA);Perumda;-6,931320;107,571000;Beroperasi Normal;Belum siap minum;"Fasilitas pengolahan, bukan titik minum; air di titik pakai belum tentu layak minum langsung";Kemungkinan duplikat BR-WATER-185
272;BDG-WATER-186;Kabupaten Bandung;Katup Distribusi;Perumda;-7,044420;107,648000;Beroperasi Normal;Belum siap minum;"Katup jaringan distribusi, bukan titik minum; masak dulu sebelum diminum";Kemungkinan duplikat BR-WATER-186
169;BDG-WATER-187;Kota Cimahi;Reservoir;Perumda;-6,883320;107,539000;Pemeliharaan;Belum siap minum;"Penampung/jaringan distribusi; masak dulu sebelum diminum";Kemungkinan duplikat BR-WATER-187
62;BDG-WATER-188;Kota Bandung;Sumur Bor;Swadaya Masyarakat;-6,920420;107,661000;Beroperasi Normal;Belum siap minum;"Air tanah; perlu diolah/dimasak dan diuji kualitasnya";Kemungkinan duplikat BR-WATER-188
364;BDG-WATER-189;Kabupaten Bandung Barat;Instalasi Pengolahan Air (IPA);Perumda;-6,826320;107,512000;Beroperasi Normal;Belum siap minum;"Fasilitas pengolahan, bukan titik minum; air di titik pakai belum tentu layak minum langsung";Kemungkinan duplikat BR-WATER-189
273;BDG-WATER-190;Kabupaten Bandung;Mata Air Alami;Swadaya Masyarakat;-7,011420;107,724000;Debit Menurun;Belum siap minum;"Air baku mata air; perlu diolah/dimasak dan diuji kualitasnya";Kemungkinan duplikat BR-WATER-190
63;BDG-WATER-191;Kota Bandung;Katup Distribusi;Perumda;-6,895320;107,625000;Beroperasi Normal;Belum siap minum;"Katup jaringan distribusi, bukan titik minum; masak dulu sebelum diminum";Kemungkinan duplikat BR-WATER-191
170;BDG-WATER-192;Kota Cimahi;Sumur Bor;Swadaya Masyarakat;-6,868420;107,548000;Beroperasi Normal;Belum siap minum;"Air tanah; perlu diolah/dimasak dan diuji kualitasnya";Kemungkinan duplikat BR-WATER-192
274;BDG-WATER-193;Kabupaten Bandung;Reservoir;Perumda;-6,978320;107,592000;Beroperasi Normal;Belum siap minum;"Penampung/jaringan distribusi; masak dulu sebelum diminum";Kemungkinan duplikat BR-WATER-193
365;BDG-WATER-194;Kabupaten Bandung Barat;Mata Air Alami;Swadaya Masyarakat;-6,814420;107,498000;Beroperasi Normal;Belum siap minum;"Air baku mata air; perlu diolah/dimasak dan diuji kualitasnya";Kemungkinan duplikat BR-WATER-194
64;BDG-WATER-195;Kota Bandung;Instalasi Pengolahan Air (IPA);Perumda;-6,912320;107,648000;Debit Menurun;Belum siap minum;"Fasilitas pengolahan, bukan titik minum; air di titik pakai belum tentu layak minum langsung";Kemungkinan duplikat BR-WATER-195
275;BDG-WATER-196;Kabupaten Bandung;Katup Distribusi;Perumda;-7,036420;107,574000;Beroperasi Normal;Belum siap minum;"Katup jaringan distribusi, bukan titik minum; masak dulu sebelum diminum";Kemungkinan duplikat BR-WATER-196
171;BDG-WATER-197;Kota Cimahi;Reservoir;Perumda;-6,899320;107,531000;Beroperasi Normal;Belum siap minum;"Penampung/jaringan distribusi; masak dulu sebelum diminum";Kemungkinan duplikat BR-WATER-197
65;BDG-WATER-198;Kota Bandung;Sumur Bor;Swadaya Masyarakat;-6,928420;107,618000;Pemeliharaan;Belum siap minum;"Air tanah; perlu diolah/dimasak dan diuji kualitasnya";Kemungkinan duplikat BR-WATER-198
366;BDG-WATER-199;Kabupaten Bandung Barat;Katup Distribusi;Perumda;-6,807320;107,536000;Beroperasi Normal;Belum siap minum;"Katup jaringan distribusi, bukan titik minum; masak dulu sebelum diminum";Kemungkinan duplikat BR-WATER-199
276;BDG-WATER-200;Kabupaten Bandung;Mata Air Alami;Swadaya Masyarakat;-7,052420;107,697000;Beroperasi Normal;Belum siap minum;"Air baku mata air; perlu diolah/dimasak dan diuji kualitasnya";Kemungkinan duplikat BR-WATER-200
277;BR-WATER-001;Kabupaten Bandung;Sumur Bor;Perumda Tirta Raharja;-7,095998;107,540760;Beroperasi Normal;Belum siap minum;"Air tanah; perlu diolah/dimasak dan diuji kualitasnya";
66;BR-WATER-002;Kota Bandung;Instalasi Pengolahan Air (IPA);Perumda Tirtawening;-6,898153;107,620898;Beroperasi Normal;Belum siap minum;"Fasilitas pengolahan, bukan titik minum; air di titik pakai belum tentu layak minum langsung";
67;BR-WATER-003;Kota Bandung;Sumur Bor;Perumda Tirtawening;-6,933714;107,628262;Beroperasi Normal;Belum siap minum;"Air tanah; perlu diolah/dimasak dan diuji kualitasnya";
278;BR-WATER-004;Kabupaten Bandung;Reservoir;Perumda Tirta Raharja;-7,032877;107,598239;Debit Menurun;Belum siap minum;"Penampung/jaringan distribusi; masak dulu sebelum diminum";
68;BR-WATER-005;Kota Bandung;Reservoir;Perumda Tirtawening;-6,893593;107,640758;Beroperasi Normal;Belum siap minum;"Penampung/jaringan distribusi; masak dulu sebelum diminum";
69;BR-WATER-006;Kota Bandung;Instalasi Pengolahan Air (IPA);Perumda Tirtawening;-6,896555;107,563287;Beroperasi Normal;Belum siap minum;"Fasilitas pengolahan, bukan titik minum; air di titik pakai belum tentu layak minum langsung";
172;BR-WATER-007;Kota Cimahi;Reservoir;Perumda Tirta Raharja;-6,878551;107,552851;Beroperasi Normal;Belum siap minum;"Penampung/jaringan distribusi; masak dulu sebelum diminum";
70;BR-WATER-008;Kota Bandung;Reservoir;Perumda Tirtawening;-6,885439;107,560244;Debit Menurun;Belum siap minum;"Penampung/jaringan distribusi; masak dulu sebelum diminum";
279;BR-WATER-009;Kabupaten Bandung;Katup Distribusi;Perumda Tirta Raharja;-6,962127;107,640526;Beroperasi Normal;Belum siap minum;"Katup jaringan distribusi, bukan titik minum; masak dulu sebelum diminum";
71;BR-WATER-010;Kota Bandung;Sumur Bor;Perumda Tirtawening;-6,929743;107,560373;Debit Menurun;Belum siap minum;"Air tanah; perlu diolah/dimasak dan diuji kualitasnya";
72;BR-WATER-011;Kota Bandung;Sumur Bor;Perumda Tirtawening;-6,918261;107,658434;Beroperasi Normal;Belum siap minum;"Air tanah; perlu diolah/dimasak dan diuji kualitasnya";
73;BR-WATER-012;Kota Bandung;Katup Distribusi;Perumda Tirtawening;-6,931312;107,671765;Beroperasi Normal;Belum siap minum;"Katup jaringan distribusi, bukan titik minum; masak dulu sebelum diminum";
74;BR-WATER-013;Kota Bandung;Instalasi Pengolahan Air (IPA);Perumda Tirtawening;-6,898961;107,571242;Beroperasi Normal;Belum siap minum;"Fasilitas pengolahan, bukan titik minum; air di titik pakai belum tentu layak minum langsung";
367;BR-WATER-014;Kabupaten Bandung Barat;Sumur Bor;Perumda Tirta Raharja / Swasta;-6,824947;107,448315;Debit Menurun;Belum siap minum;"Air tanah; perlu diolah/dimasak dan diuji kualitasnya";
173;BR-WATER-015;Kota Cimahi;Sumur Bor;Perumda Tirta Raharja;-6,890838;107,521284;Beroperasi Normal;Belum siap minum;"Air tanah; perlu diolah/dimasak dan diuji kualitasnya";
75;BR-WATER-016;Kota Bandung;Reservoir;Perumda Tirtawening;-6,886080;107,623733;Beroperasi Normal;Belum siap minum;"Penampung/jaringan distribusi; masak dulu sebelum diminum";
280;BR-WATER-017;Kabupaten Bandung;Sumur Bor;Perumda Tirta Raharja;-6,958451;107,662141;Beroperasi Normal;Belum siap minum;"Air tanah; perlu diolah/dimasak dan diuji kualitasnya";
76;BR-WATER-018;Kota Bandung;Instalasi Pengolahan Air (IPA);Perumda Tirtawening;-6,910704;107,584156;Debit Menurun;Belum siap minum;"Fasilitas pengolahan, bukan titik minum; air di titik pakai belum tentu layak minum langsung";
77;BR-WATER-019;Kota Bandung;Instalasi Pengolahan Air (IPA);Perumda Tirtawening;-6,934648;107,679680;Beroperasi Normal;Belum siap minum;"Fasilitas pengolahan, bukan titik minum; air di titik pakai belum tentu layak minum langsung";
78;BR-WATER-020;Kota Bandung;Instalasi Pengolahan Air (IPA);Perumda Tirtawening;-6,942325;107,631568;Beroperasi Normal;Belum siap minum;"Fasilitas pengolahan, bukan titik minum; air di titik pakai belum tentu layak minum langsung";
79;BR-WATER-021;Kota Bandung;Reservoir;Perumda Tirtawening;-6,908288;107,610846;Pemeliharaan;Belum siap minum;"Penampung/jaringan distribusi; masak dulu sebelum diminum";
174;BR-WATER-022;Kota Cimahi;Reservoir;Perumda Tirta Raharja;-6,899541;107,548829;Debit Menurun;Belum siap minum;"Penampung/jaringan distribusi; masak dulu sebelum diminum";
175;BR-WATER-023;Kota Cimahi;Sumur Bor;Perumda Tirta Raharja;-6,869256;107,533607;Beroperasi Normal;Belum siap minum;"Air tanah; perlu diolah/dimasak dan diuji kualitasnya";
281;BR-WATER-024;Kabupaten Bandung;Reservoir;Perumda Tirta Raharja;-6,947389;107,739031;Pemeliharaan;Belum siap minum;"Penampung/jaringan distribusi; masak dulu sebelum diminum";
176;BR-WATER-025;Kota Cimahi;Reservoir;Perumda Tirta Raharja;-6,879693;107,524256;Beroperasi Normal;Belum siap minum;"Penampung/jaringan distribusi; masak dulu sebelum diminum";
282;BR-WATER-026;Kabupaten Bandung;Sumur Bor;Perumda Tirta Raharja;-7,002565;107,500437;Beroperasi Normal;Belum siap minum;"Air tanah; perlu diolah/dimasak dan diuji kualitasnya";
177;BR-WATER-027;Kota Cimahi;Sumur Bor;Perumda Tirta Raharja;-6,878786;107,520023;Beroperasi Normal;Belum siap minum;"Air tanah; perlu diolah/dimasak dan diuji kualitasnya";
80;BR-WATER-028;Kota Bandung;Reservoir;Perumda Tirtawening;-6,924591;107,678092;Beroperasi Normal;Belum siap minum;"Penampung/jaringan distribusi; masak dulu sebelum diminum";
81;BR-WATER-029;Kota Bandung;Instalasi Pengolahan Air (IPA);Perumda Tirtawening;-6,910285;107,560238;Debit Menurun;Belum siap minum;"Fasilitas pengolahan, bukan titik minum; air di titik pakai belum tentu layak minum langsung";
368;BR-WATER-030;Kabupaten Bandung Barat;Mata Air Alami;Perumda Tirta Raharja / Swasta;-6,837384;107,427667;Beroperasi Normal;Belum siap minum;"Air baku mata air; perlu diolah/dimasak dan diuji kualitasnya";
283;BR-WATER-031;Kabupaten Bandung;Mata Air Alami;Perumda Tirta Raharja;-7,057591;107,737903;Pemeliharaan;Belum siap minum;"Air baku mata air; perlu diolah/dimasak dan diuji kualitasnya";
369;BR-WATER-032;Kabupaten Bandung Barat;Mata Air Alami;Perumda Tirta Raharja / Swasta;-6,819579;107,551771;Beroperasi Normal;Belum siap minum;"Air baku mata air; perlu diolah/dimasak dan diuji kualitasnya";
370;BR-WATER-033;Kabupaten Bandung Barat;Mata Air Alami;Perumda Tirta Raharja / Swasta;-6,828010;107,496382;Beroperasi Normal;Belum siap minum;"Air baku mata air; perlu diolah/dimasak dan diuji kualitasnya";
82;BR-WATER-034;Kota Bandung;Sumur Bor;Perumda Tirtawening;-6,945518;107,552734;Beroperasi Normal;Belum siap minum;"Air tanah; perlu diolah/dimasak dan diuji kualitasnya";
83;BR-WATER-035;Kota Bandung;Katup Distribusi;Perumda Tirtawening;-6,904511;107,557654;Debit Menurun;Belum siap minum;"Katup jaringan distribusi, bukan titik minum; masak dulu sebelum diminum";
178;BR-WATER-036;Kota Cimahi;Reservoir;Perumda Tirta Raharja;-6,897166;107,529520;Beroperasi Normal;Belum siap minum;"Penampung/jaringan distribusi; masak dulu sebelum diminum";
284;BR-WATER-037;Kabupaten Bandung;Mata Air Alami;Perumda Tirta Raharja;-6,984264;107,741186;Beroperasi Normal;Belum siap minum;"Air baku mata air; perlu diolah/dimasak dan diuji kualitasnya";
285;BR-WATER-038;Kabupaten Bandung;Mata Air Alami;Perumda Tirta Raharja;-7,034870;107,481128;Beroperasi Normal;Belum siap minum;"Air baku mata air; perlu diolah/dimasak dan diuji kualitasnya";
286;BR-WATER-039;Kabupaten Bandung;Katup Distribusi;Perumda Tirta Raharja;-6,961786;107,467876;Beroperasi Normal;Belum siap minum;"Katup jaringan distribusi, bukan titik minum; masak dulu sebelum diminum";
287;BR-WATER-040;Kabupaten Bandung;Sumur Bor;Perumda Tirta Raharja;-6,971905;107,486059;Beroperasi Normal;Belum siap minum;"Air tanah; perlu diolah/dimasak dan diuji kualitasnya";
288;BR-WATER-041;Kabupaten Bandung;Sumur Bor;Perumda Tirta Raharja;-7,032499;107,541920;Debit Menurun;Belum siap minum;"Air tanah; perlu diolah/dimasak dan diuji kualitasnya";
84;BR-WATER-042;Kota Bandung;Katup Distribusi;Perumda Tirtawening;-6,893438;107,661276;Beroperasi Normal;Belum siap minum;"Katup jaringan distribusi, bukan titik minum; masak dulu sebelum diminum";
371;BR-WATER-043;Kabupaten Bandung Barat;Katup Distribusi;Perumda Tirta Raharja / Swasta;-6,813118;107,613179;Beroperasi Normal;Belum siap minum;"Katup jaringan distribusi, bukan titik minum; masak dulu sebelum diminum";
289;BR-WATER-044;Kabupaten Bandung;Katup Distribusi;Perumda Tirta Raharja;-7,065800;107,582343;Beroperasi Normal;Belum siap minum;"Katup jaringan distribusi, bukan titik minum; masak dulu sebelum diminum";
290;BR-WATER-045;Kabupaten Bandung;Instalasi Pengolahan Air (IPA);Perumda Tirta Raharja;-6,922670;107,670447;Beroperasi Normal;Belum siap minum;"Fasilitas pengolahan, bukan titik minum; air di titik pakai belum tentu layak minum langsung";
291;BR-WATER-046;Kabupaten Bandung;Mata Air Alami;Perumda Tirta Raharja;-6,983119;107,708509;Beroperasi Normal;Belum siap minum;"Air baku mata air; perlu diolah/dimasak dan diuji kualitasnya";
85;BR-WATER-047;Kota Bandung;Katup Distribusi;Perumda Tirtawening;-6,882190;107,625293;Beroperasi Normal;Belum siap minum;"Katup jaringan distribusi, bukan titik minum; masak dulu sebelum diminum";
86;BR-WATER-048;Kota Bandung;Sumur Bor;Perumda Tirtawening;-6,917420;107,594821;Beroperasi Normal;Belum siap minum;"Air tanah; perlu diolah/dimasak dan diuji kualitasnya";
292;BR-WATER-049;Kabupaten Bandung;Reservoir;Perumda Tirta Raharja;-7,012384;107,589472;Beroperasi Normal;Belum siap minum;"Penampung/jaringan distribusi; masak dulu sebelum diminum";
179;BR-WATER-050;Kota Cimahi;Instalasi Pengolahan Air (IPA);Perumda Tirta Raharja;-6,875621;107,541308;Beroperasi Normal;Belum siap minum;"Fasilitas pengolahan, bukan titik minum; air di titik pakai belum tentu layak minum langsung";
372;BR-WATER-051;Kabupaten Bandung Barat;Mata Air Alami;Perumda Tirta Raharja / Swasta;-6,791284;107,513620;Beroperasi Normal;Belum siap minum;"Air baku mata air; perlu diolah/dimasak dan diuji kualitasnya";
87;BR-WATER-052;Kota Bandung;Reservoir;Perumda Tirtawening;-6,901735;107,648291;Debit Menurun;Belum siap minum;"Penampung/jaringan distribusi; masak dulu sebelum diminum";
293;BR-WATER-053;Kabupaten Bandung;Katup Distribusi;Perumda Tirta Raharja;-6,981523;107,621704;Beroperasi Normal;Belum siap minum;"Katup jaringan distribusi, bukan titik minum; masak dulu sebelum diminum";
88;BR-WATER-054;Kota Bandung;Instalasi Pengolahan Air (IPA);Perumda Tirtawening;-6,871246;107,594380;Beroperasi Normal;Belum siap minum;"Fasilitas pengolahan, bukan titik minum; air di titik pakai belum tentu layak minum langsung";
180;BR-WATER-055;Kota Cimahi;Sumur Bor;Perumda Tirta Raharja;-6,884315;107,515728;Debit Menurun;Belum siap minum;"Air tanah; perlu diolah/dimasak dan diuji kualitasnya";
294;BR-WATER-056;Kabupaten Bandung;Mata Air Alami;Perumda Tirta Raharja;-7,021846;107,692315;Beroperasi Normal;Belum siap minum;"Air baku mata air; perlu diolah/dimasak dan diuji kualitasnya";
89;BR-WATER-057;Kota Bandung;Katup Distribusi;Perumda Tirtawening;-6,935721;107,646092;Beroperasi Normal;Belum siap minum;"Katup jaringan distribusi, bukan titik minum; masak dulu sebelum diminum";
373;BR-WATER-058;Kabupaten Bandung Barat;Reservoir;Perumda Tirta Raharja / Swasta;-6,847531;107,486219;Beroperasi Normal;Belum siap minum;"Penampung/jaringan distribusi; masak dulu sebelum diminum";
295;BR-WATER-059;Kabupaten Bandung;Sumur Bor;Perumda Tirta Raharja;-7,043812;107,557631;Beroperasi Normal;Belum siap minum;"Air tanah; perlu diolah/dimasak dan diuji kualitasnya";
90;BR-WATER-060;Kota Bandung;Reservoir;Perumda Tirtawening;-6,914382;107,679415;Pemeliharaan;Belum siap minum;"Penampung/jaringan distribusi; masak dulu sebelum diminum";
181;BR-WATER-061;Kota Cimahi;Katup Distribusi;Perumda Tirta Raharja;-6,872419;107,536281;Beroperasi Normal;Belum siap minum;"Katup jaringan distribusi, bukan titik minum; masak dulu sebelum diminum";
296;BR-WATER-062;Kabupaten Bandung;Instalasi Pengolahan Air (IPA);Perumda Tirta Raharja;-7,008531;107,650284;Beroperasi Normal;Belum siap minum;"Fasilitas pengolahan, bukan titik minum; air di titik pakai belum tentu layak minum langsung";
91;BR-WATER-063;Kota Bandung;Sumur Bor;Perumda Tirtawening;-6,958214;107,574829;Beroperasi Normal;Belum siap minum;"Air tanah; perlu diolah/dimasak dan diuji kualitasnya";
374;BR-WATER-064;Kabupaten Bandung Barat;Mata Air Alami;Perumda Tirta Raharja / Swasta;-6,806415;107,462738;Debit Menurun;Belum siap minum;"Air baku mata air; perlu diolah/dimasak dan diuji kualitasnya";
92;BR-WATER-065;Kota Bandung;Reservoir;Perumda Tirtawening;-6,889531;107,632715;Beroperasi Normal;Belum siap minum;"Penampung/jaringan distribusi; masak dulu sebelum diminum";
297;BR-WATER-066;Kabupaten Bandung;Katup Distribusi;Perumda Tirta Raharja;-7,018263;107,471905;Beroperasi Normal;Belum siap minum;"Katup jaringan distribusi, bukan titik minum; masak dulu sebelum diminum";
182;BR-WATER-067;Kota Cimahi;Sumur Bor;Perumda Tirta Raharja;-6,865274;107,557182;Beroperasi Normal;Belum siap minum;"Air tanah; perlu diolah/dimasak dan diuji kualitasnya";
93;BR-WATER-068;Kota Bandung;Instalasi Pengolahan Air (IPA);Perumda Tirtawening;-6,926815;107,587421;Beroperasi Normal;Belum siap minum;"Fasilitas pengolahan, bukan titik minum; air di titik pakai belum tentu layak minum langsung";
298;BR-WATER-069;Kabupaten Bandung;Reservoir;Perumda Tirta Raharja;-6,995218;107,716305;Debit Menurun;Belum siap minum;"Penampung/jaringan distribusi; masak dulu sebelum diminum";
375;BR-WATER-070;Kabupaten Bandung Barat;Sumur Bor;Perumda Tirta Raharja / Swasta;-6,833721;107,529614;Beroperasi Normal;Belum siap minum;"Air tanah; perlu diolah/dimasak dan diuji kualitasnya";
94;BR-WATER-071;Kota Bandung;Mata Air Alami;Perumda Tirtawening;-6,944182;107,615738;Beroperasi Normal;Belum siap minum;"Air baku mata air; perlu diolah/dimasak dan diuji kualitasnya";
299;BR-WATER-072;Kabupaten Bandung;Katup Distribusi;Perumda Tirta Raharja;-7,036481;107,632905;Pemeliharaan;Belum siap minum;"Katup jaringan distribusi, bukan titik minum; masak dulu sebelum diminum";
183;BR-WATER-073;Kota Cimahi;Reservoir;Perumda Tirta Raharja;-6,886735;107,509281;Beroperasi Normal;Belum siap minum;"Penampung/jaringan distribusi; masak dulu sebelum diminum";
95;BR-WATER-074;Kota Bandung;Sumur Bor;Perumda Tirtawening;-6,910528;107,643192;Beroperasi Normal;Belum siap minum;"Air tanah; perlu diolah/dimasak dan diuji kualitasnya";
376;BR-WATER-075;Kabupaten Bandung Barat;Instalasi Pengolahan Air (IPA);Perumda Tirta Raharja / Swasta;-6,815294;107,478621;Beroperasi Normal;Belum siap minum;"Fasilitas pengolahan, bukan titik minum; air di titik pakai belum tentu layak minum langsung";
300;BR-WATER-076;Kabupaten Bandung;Mata Air Alami;Perumda Tirta Raharja;-7,071825;107,694183;Beroperasi Normal;Belum siap minum;"Air baku mata air; perlu diolah/dimasak dan diuji kualitasnya";
96;BR-WATER-077;Kota Bandung;Katup Distribusi;Perumda Tirtawening;-6,876419;107,615284;Debit Menurun;Belum siap minum;"Katup jaringan distribusi, bukan titik minum; masak dulu sebelum diminum";
184;BR-WATER-078;Kota Cimahi;Reservoir;Perumda Tirta Raharja;-6,902731;107,526419;Beroperasi Normal;Belum siap minum;"Penampung/jaringan distribusi; masak dulu sebelum diminum";
301;BR-WATER-079;Kabupaten Bandung;Sumur Bor;Perumda Tirta Raharja;-6,967312;107,582614;Beroperasi Normal;Belum siap minum;"Air tanah; perlu diolah/dimasak dan diuji kualitasnya";
97;BR-WATER-080;Kota Bandung;Instalasi Pengolahan Air (IPA);Perumda Tirtawening;-6,932184;107,572903;Beroperasi Normal;Belum siap minum;"Fasilitas pengolahan, bukan titik minum; air di titik pakai belum tentu layak minum langsung";
377;BR-WATER-081;Kabupaten Bandung Barat;Mata Air Alami;Perumda Tirta Raharja / Swasta;-6,782531;107,498315;Beroperasi Normal;Belum siap minum;"Air baku mata air; perlu diolah/dimasak dan diuji kualitasnya";
98;BR-WATER-082;Kota Bandung;Reservoir;Perumda Tirtawening;-6,905318;107,656821;Beroperasi Normal;Belum siap minum;"Penampung/jaringan distribusi; masak dulu sebelum diminum";
302;BR-WATER-083;Kabupaten Bandung;Katup Distribusi;Perumda Tirta Raharja;-7,027615;107,525481;Debit Menurun;Belum siap minum;"Katup jaringan distribusi, bukan titik minum; masak dulu sebelum diminum";
185;BR-WATER-084;Kota Cimahi;Sumur Bor;Perumda Tirta Raharja;-6,891624;107,546718;Beroperasi Normal;Belum siap minum;"Air tanah; perlu diolah/dimasak dan diuji kualitasnya";
99;BR-WATER-085;Kota Bandung;Mata Air Alami;Perumda Tirtawening;-6,950813;107,681524;Beroperasi Normal;Belum siap minum;"Air baku mata air; perlu diolah/dimasak dan diuji kualitasnya";
303;BR-WATER-086;Kabupaten Bandung;Instalasi Pengolahan Air (IPA);Perumda Tirta Raharja;-6,978421;107,655218;Beroperasi Normal;Belum siap minum;"Fasilitas pengolahan, bukan titik minum; air di titik pakai belum tentu layak minum langsung";
378;BR-WATER-087;Kabupaten Bandung Barat;Reservoir;Perumda Tirta Raharja / Swasta;-6,826315;107,473921;Pemeliharaan;Belum siap minum;"Penampung/jaringan distribusi; masak dulu sebelum diminum";
100;BR-WATER-088;Kota Bandung;Sumur Bor;Perumda Tirtawening;-6,917825;107,625418;Beroperasi Normal;Belum siap minum;"Air tanah; perlu diolah/dimasak dan diuji kualitasnya";
186;BR-WATER-089;Kota Cimahi;Katup Distribusi;Perumda Tirta Raharja;-6,864913;107,529642;Beroperasi Normal;Belum siap minum;"Katup jaringan distribusi, bukan titik minum; masak dulu sebelum diminum";
304;BR-WATER-090;Kabupaten Bandung;Mata Air Alami;Perumda Tirta Raharja;-7,048213;107,703815;Beroperasi Normal;Belum siap minum;"Air baku mata air; perlu diolah/dimasak dan diuji kualitasnya";
101;BR-WATER-091;Kota Bandung;Reservoir;Perumda Tirtawening;-6,898621;107,591738;Debit Menurun;Belum siap minum;"Penampung/jaringan distribusi; masak dulu sebelum diminum";
379;BR-WATER-092;Kabupaten Bandung Barat;Sumur Bor;Perumda Tirta Raharja / Swasta;-6,804721;107,535219;Beroperasi Normal;Belum siap minum;"Air tanah; perlu diolah/dimasak dan diuji kualitasnya";
305;BR-WATER-093;Kabupaten Bandung;Katup Distribusi;Perumda Tirta Raharja;-6,993815;107,544628;Beroperasi Normal;Belum siap minum;"Katup jaringan distribusi, bukan titik minum; masak dulu sebelum diminum";
187;BR-WATER-094;Kota Cimahi;Instalasi Pengolahan Air (IPA);Perumda Tirta Raharja;-6,881529;107,558314;Beroperasi Normal;Belum siap minum;"Fasilitas pengolahan, bukan titik minum; air di titik pakai belum tentu layak minum langsung";
102;BR-WATER-095;Kota Bandung;Mata Air Alami;Perumda Tirtawening;-6,928316;107,659281;Beroperasi Normal;Belum siap minum;"Air baku mata air; perlu diolah/dimasak dan diuji kualitasnya";
306;BR-WATER-096;Kabupaten Bandung;Reservoir;Perumda Tirta Raharja;-7,015429;107,674812;Pemeliharaan;Belum siap minum;"Penampung/jaringan distribusi; masak dulu sebelum diminum";
380;BR-WATER-097;Kabupaten Bandung Barat;Katup Distribusi;Perumda Tirta Raharja / Swasta;-6,841725;107,515638;Beroperasi Normal;Belum siap minum;"Katup jaringan distribusi, bukan titik minum; masak dulu sebelum diminum";
103;BR-WATER-098;Kota Bandung;Sumur Bor;Perumda Tirtawening;-6,906814;107,618425;Beroperasi Normal;Belum siap minum;"Air tanah; perlu diolah/dimasak dan diuji kualitasnya";
188;BR-WATER-099;Kota Cimahi;Reservoir;Perumda Tirta Raharja;-6,895214;107,535827;Debit Menurun;Belum siap minum;"Penampung/jaringan distribusi; masak dulu sebelum diminum";
307;BR-WATER-100;Kabupaten Bandung;Instalasi Pengolahan Air (IPA);Perumda Tirta Raharja;-7,038512;107,608214;Beroperasi Normal;Belum siap minum;"Fasilitas pengolahan, bukan titik minum; air di titik pakai belum tentu layak minum langsung";
104;BR-WATER-101;Kota Bandung;Reservoir;Perumda Tirtawening;-6,915284;107,603821;Beroperasi Normal;Belum siap minum;"Penampung/jaringan distribusi; masak dulu sebelum diminum";
308;BR-WATER-102;Kabupaten Bandung;Sumur Bor;Perumda Tirta Raharja;-7,024618;107,576315;Beroperasi Normal;Belum siap minum;"Air tanah; perlu diolah/dimasak dan diuji kualitasnya";
189;BR-WATER-103;Kota Cimahi;Katup Distribusi;Perumda Tirta Raharja;-6,878421;107,545718;Beroperasi Normal;Belum siap minum;"Katup jaringan distribusi, bukan titik minum; masak dulu sebelum diminum";
381;BR-WATER-104;Kabupaten Bandung Barat;Mata Air Alami;Perumda Tirta Raharja / Swasta;-6,817532;107,501624;Debit Menurun;Belum siap minum;"Air baku mata air; perlu diolah/dimasak dan diuji kualitasnya";
105;BR-WATER-105;Kota Bandung;Instalasi Pengolahan Air (IPA);Perumda Tirtawening;-6,901428;107,631572;Beroperasi Normal;Belum siap minum;"Fasilitas pengolahan, bukan titik minum; air di titik pakai belum tentu layak minum langsung";
309;BR-WATER-106;Kabupaten Bandung;Katup Distribusi;Perumda Tirta Raharja;-7,041725;107,594318;Beroperasi Normal;Belum siap minum;"Katup jaringan distribusi, bukan titik minum; masak dulu sebelum diminum";
190;BR-WATER-107;Kota Cimahi;Reservoir;Perumda Tirta Raharja;-6,887315;107,519642;Pemeliharaan;Belum siap minum;"Penampung/jaringan distribusi; masak dulu sebelum diminum";
106;BR-WATER-108;Kota Bandung;Sumur Bor;Perumda Tirtawening;-6,934821;107,612735;Beroperasi Normal;Belum siap minum;"Air tanah; perlu diolah/dimasak dan diuji kualitasnya";
382;BR-WATER-109;Kabupaten Bandung Barat;Instalasi Pengolahan Air (IPA);Perumda Tirta Raharja / Swasta;-6,829614;107,476218;Beroperasi Normal;Belum siap minum;"Fasilitas pengolahan, bukan titik minum; air di titik pakai belum tentu layak minum langsung";
310;BR-WATER-110;Kabupaten Bandung;Mata Air Alami;Perumda Tirta Raharja;-7,011528;107,713624;Beroperasi Normal;Belum siap minum;"Air baku mata air; perlu diolah/dimasak dan diuji kualitasnya";
107;BR-WATER-111;Kota Bandung;Reservoir;Perumda Tirtawening;-6,884215;107,647831;Debit Menurun;Belum siap minum;"Penampung/jaringan distribusi; masak dulu sebelum diminum";
191;BR-WATER-112;Kota Cimahi;Sumur Bor;Perumda Tirta Raharja;-6,870418;107,537926;Beroperasi Normal;Belum siap minum;"Air tanah; perlu diolah/dimasak dan diuji kualitasnya";
311;BR-WATER-113;Kabupaten Bandung;Katup Distribusi;Perumda Tirta Raharja;-6,973521;107,624813;Beroperasi Normal;Belum siap minum;"Katup jaringan distribusi, bukan titik minum; masak dulu sebelum diminum";
383;BR-WATER-114;Kabupaten Bandung Barat;Reservoir;Perumda Tirta Raharja / Swasta;-6,845317;107,522614;Beroperasi Normal;Belum siap minum;"Penampung/jaringan distribusi; masak dulu sebelum diminum";
108;BR-WATER-115;Kota Bandung;Mata Air Alami;Perumda Tirtawening;-6,942615;107,668421;Beroperasi Normal;Belum siap minum;"Air baku mata air; perlu diolah/dimasak dan diuji kualitasnya";
312;BR-WATER-116;Kabupaten Bandung;Instalasi Pengolahan Air (IPA);Perumda Tirta Raharja;-7,029418;107,683215;Beroperasi Normal;Belum siap minum;"Fasilitas pengolahan, bukan titik minum; air di titik pakai belum tentu layak minum langsung";
192;BR-WATER-117;Kota Cimahi;Katup Distribusi;Perumda Tirta Raharja;-6,882731;107,528415;Debit Menurun;Belum siap minum;"Katup jaringan distribusi, bukan titik minum; masak dulu sebelum diminum";
109;BR-WATER-118;Kota Bandung;Sumur Bor;Perumda Tirtawening;-6,919624;107,582713;Beroperasi Normal;Belum siap minum;"Air tanah; perlu diolah/dimasak dan diuji kualitasnya";
384;BR-WATER-119;Kabupaten Bandung Barat;Mata Air Alami;Perumda Tirta Raharja / Swasta;-6,801428;107,488215;Beroperasi Normal;Belum siap minum;"Air baku mata air; perlu diolah/dimasak dan diuji kualitasnya";
313;BR-WATER-120;Kabupaten Bandung;Reservoir;Perumda Tirta Raharja;-7,053618;107,618427;Pemeliharaan;Belum siap minum;"Penampung/jaringan distribusi; masak dulu sebelum diminum";
110;BR-WATER-121;Kota Bandung;Katup Distribusi;Perumda Tirtawening;-6,897315;107,674821;Beroperasi Normal;Belum siap minum;"Katup jaringan distribusi, bukan titik minum; masak dulu sebelum diminum";
193;BR-WATER-122;Kota Cimahi;Instalasi Pengolahan Air (IPA);Perumda Tirta Raharja;-6,868521;107,551624;Beroperasi Normal;Belum siap minum;"Fasilitas pengolahan, bukan titik minum; air di titik pakai belum tentu layak minum langsung";
314;BR-WATER-123;Kabupaten Bandung;Sumur Bor;Perumda Tirta Raharja;-7,016824;107,541315;Beroperasi Normal;Belum siap minum;"Air tanah; perlu diolah/dimasak dan diuji kualitasnya";
385;BR-WATER-124;Kabupaten Bandung Barat;Reservoir;Perumda Tirta Raharja / Swasta;-6,824715;107,543821;Debit Menurun;Belum siap minum;"Penampung/jaringan distribusi; masak dulu sebelum diminum";
111;BR-WATER-125;Kota Bandung;Instalasi Pengolahan Air (IPA);Perumda Tirtawening;-6,910315;107,617428;Beroperasi Normal;Belum siap minum;"Fasilitas pengolahan, bukan titik minum; air di titik pakai belum tentu layak minum langsung";
315;BR-WATER-126;Kabupaten Bandung;Mata Air Alami;Perumda Tirta Raharja;-7,034215;107,681624;Beroperasi Normal;Belum siap minum;"Air baku mata air; perlu diolah/dimasak dan diuji kualitasnya";
194;BR-WATER-127;Kota Cimahi;Reservoir;Perumda Tirta Raharja;-6,891524;107,511318;Beroperasi Normal;Belum siap minum;"Penampung/jaringan distribusi; masak dulu sebelum diminum";
112;BR-WATER-128;Kota Bandung;Sumur Bor;Perumda Tirtawening;-6,926418;107,646215;Pemeliharaan;Belum siap minum;"Air tanah; perlu diolah/dimasak dan diuji kualitasnya";
386;BR-WATER-129;Kabupaten Bandung Barat;Katup Distribusi;Perumda Tirta Raharja / Swasta;-6,812624;107,497318;Beroperasi Normal;Belum siap minum;"Katup jaringan distribusi, bukan titik minum; masak dulu sebelum diminum";
316;BR-WATER-130;Kabupaten Bandung;Reservoir;Perumda Tirta Raharja;-7,001528;107,625814;Beroperasi Normal;Belum siap minum;"Penampung/jaringan distribusi; masak dulu sebelum diminum";
113;BR-WATER-131;Kota Bandung;Mata Air Alami;Perumda Tirtawening;-6,952417;107,593628;Beroperasi Normal;Belum siap minum;"Air baku mata air; perlu diolah/dimasak dan diuji kualitasnya";
195;BR-WATER-132;Kota Cimahi;Sumur Bor;Perumda Tirta Raharja;-6,875624;107,531815;Debit Menurun;Belum siap minum;"Air tanah; perlu diolah/dimasak dan diuji kualitasnya";
317;BR-WATER-133;Kabupaten Bandung;Katup Distribusi;Perumda Tirta Raharja;-7,045318;107,563421;Beroperasi Normal;Belum siap minum;"Katup jaringan distribusi, bukan titik minum; masak dulu sebelum diminum";
387;BR-WATER-134;Kabupaten Bandung Barat;Instalasi Pengolahan Air (IPA);Perumda Tirta Raharja / Swasta;-6,837215;107,471824;Beroperasi Normal;Belum siap minum;"Fasilitas pengolahan, bukan titik minum; air di titik pakai belum tentu layak minum langsung";
114;BR-WATER-135;Kota Bandung;Reservoir;Perumda Tirtawening;-6,889418;107,662315;Beroperasi Normal;Belum siap minum;"Penampung/jaringan distribusi; masak dulu sebelum diminum";
318;BR-WATER-136;Kabupaten Bandung;Sumur Bor;Perumda Tirta Raharja;-7,018624;107,592715;Beroperasi Normal;Belum siap minum;"Air tanah; perlu diolah/dimasak dan diuji kualitasnya";
196;BR-WATER-137;Kota Cimahi;Katup Distribusi;Perumda Tirta Raharja;-6,898215;107,518624;Pemeliharaan;Belum siap minum;"Katup jaringan distribusi, bukan titik minum; masak dulu sebelum diminum";
115;BR-WATER-138;Kota Bandung;Instalasi Pengolahan Air (IPA);Perumda Tirtawening;-6,914728;107,573215;Beroperasi Normal;Belum siap minum;"Fasilitas pengolahan, bukan titik minum; air di titik pakai belum tentu layak minum langsung";
388;BR-WATER-139;Kabupaten Bandung Barat;Mata Air Alami;Perumda Tirta Raharja / Swasta;-6,789421;107,512624;Beroperasi Normal;Belum siap minum;"Air baku mata air; perlu diolah/dimasak dan diuji kualitasnya";
319;BR-WATER-140;Kabupaten Bandung;Reservoir;Perumda Tirta Raharja;-7,062315;107,648721;Debit Menurun;Belum siap minum;"Penampung/jaringan distribusi; masak dulu sebelum diminum";
116;BR-WATER-141;Kota Bandung;Katup Distribusi;Perumda Tirtawening;-6,932415;107,654821;Beroperasi Normal;Belum siap minum;"Katup jaringan distribusi, bukan titik minum; masak dulu sebelum diminum";
197;BR-WATER-142;Kota Cimahi;Reservoir;Perumda Tirta Raharja;-6,865721;107,546318;Beroperasi Normal;Belum siap minum;"Penampung/jaringan distribusi; masak dulu sebelum diminum";
320;BR-WATER-143;Kabupaten Bandung;Mata Air Alami;Perumda Tirta Raharja;-6,986421;107,695318;Beroperasi Normal;Belum siap minum;"Air baku mata air; perlu diolah/dimasak dan diuji kualitasnya";
389;BR-WATER-144;Kabupaten Bandung Barat;Sumur Bor;Perumda Tirta Raharja / Swasta;-6,815824;107,528415;Beroperasi Normal;Belum siap minum;"Air tanah; perlu diolah/dimasak dan diuji kualitasnya";
117;BR-WATER-145;Kota Bandung;Sumur Bor;Perumda Tirtawening;-6,904215;107,608724;Debit Menurun;Belum siap minum;"Air tanah; perlu diolah/dimasak dan diuji kualitasnya";
321;BR-WATER-146;Kabupaten Bandung;Instalasi Pengolahan Air (IPA);Perumda Tirta Raharja;-7,027318;107,661524;Beroperasi Normal;Belum siap minum;"Fasilitas pengolahan, bukan titik minum; air di titik pakai belum tentu layak minum langsung";
198;BR-WATER-147;Kota Cimahi;Katup Distribusi;Perumda Tirta Raharja;-6,881428;107,559215;Beroperasi Normal;Belum siap minum;"Katup jaringan distribusi, bukan titik minum; masak dulu sebelum diminum";
118;BR-WATER-148;Kota Bandung;Reservoir;Perumda Tirtawening;-6,918315;107,675428;Pemeliharaan;Belum siap minum;"Penampung/jaringan distribusi; masak dulu sebelum diminum";
390;BR-WATER-149;Kabupaten Bandung Barat;Mata Air Alami;Perumda Tirta Raharja / Swasta;-6,831624;107,459318;Beroperasi Normal;Belum siap minum;"Air baku mata air; perlu diolah/dimasak dan diuji kualitasnya";
322;BR-WATER-150;Kabupaten Bandung;Katup Distribusi;Perumda Tirta Raharja;-7,008415;107,574621;Beroperasi Normal;Belum siap minum;"Katup jaringan distribusi, bukan titik minum; masak dulu sebelum diminum";
119;BR-WATER-151;Kota Bandung;Instalasi Pengolahan Air (IPA);Perumda Tirtawening;-6,897824;107,584315;Beroperasi Normal;Belum siap minum;"Fasilitas pengolahan, bukan titik minum; air di titik pakai belum tentu layak minum langsung";
199;BR-WATER-152;Kota Cimahi;Sumur Bor;Perumda Tirta Raharja;-6,872315;107,521428;Beroperasi Normal;Belum siap minum;"Air tanah; perlu diolah/dimasak dan diuji kualitasnya";
323;BR-WATER-153;Kabupaten Bandung;Reservoir;Perumda Tirta Raharja;-6,968421;107,643215;Debit Menurun;Belum siap minum;"Penampung/jaringan distribusi; masak dulu sebelum diminum";
391;BR-WATER-154;Kabupaten Bandung Barat;Katup Distribusi;Perumda Tirta Raharja / Swasta;-6,806315;107,547218;Beroperasi Normal;Belum siap minum;"Katup jaringan distribusi, bukan titik minum; masak dulu sebelum diminum";
120;BR-WATER-155;Kota Bandung;Mata Air Alami;Perumda Tirtawening;-6,939215;107,619428;Beroperasi Normal;Belum siap minum;"Air baku mata air; perlu diolah/dimasak dan diuji kualitasnya";
324;BR-WATER-156;Kabupaten Bandung;Sumur Bor;Perumda Tirta Raharja;-7,038624;107,531815;Beroperasi Normal;Belum siap minum;"Air tanah; perlu diolah/dimasak dan diuji kualitasnya";
200;BR-WATER-157;Kota Cimahi;Reservoir;Perumda Tirta Raharja;-6,885421;107,533218;Beroperasi Normal;Belum siap minum;"Penampung/jaringan distribusi; masak dulu sebelum diminum";
121;BR-WATER-158;Kota Bandung;Katup Distribusi;Perumda Tirtawening;-6,911824;107,657315;Debit Menurun;Belum siap minum;"Katup jaringan distribusi, bukan titik minum; masak dulu sebelum diminum";
392;BR-WATER-159;Kabupaten Bandung Barat;Mata Air Alami;Perumda Tirta Raharja / Swasta;-6,824318;107,485621;Beroperasi Normal;Belum siap minum;"Air baku mata air; perlu diolah/dimasak dan diuji kualitasnya";
325;BR-WATER-160;Kabupaten Bandung;Instalasi Pengolahan Air (IPA);Perumda Tirta Raharja;-7,021415;107,672318;Pemeliharaan;Belum siap minum;"Fasilitas pengolahan, bukan titik minum; air di titik pakai belum tentu layak minum langsung";
122;BR-WATER-161;Kota Bandung;Reservoir;Perumda Tirtawening;-6,925318;107,594721;Beroperasi Normal;Belum siap minum;"Penampung/jaringan distribusi; masak dulu sebelum diminum";
201;BR-WATER-162;Kota Cimahi;Katup Distribusi;Perumda Tirta Raharja;-6,893621;107,542315;Beroperasi Normal;Belum siap minum;"Katup jaringan distribusi, bukan titik minum; masak dulu sebelum diminum";
326;BR-WATER-163;Kabupaten Bandung;Mata Air Alami;Perumda Tirta Raharja;-6,982415;107,718624;Beroperasi Normal;Belum siap minum;"Air baku mata air; perlu diolah/dimasak dan diuji kualitasnya";
393;BR-WATER-164;Kabupaten Bandung Barat;Sumur Bor;Perumda Tirta Raharja / Swasta;-6,817215;107,514328;Debit Menurun;Belum siap minum;"Air tanah; perlu diolah/dimasak dan diuji kualitasnya";
123;BR-WATER-165;Kota Bandung;Instalasi Pengolahan Air (IPA);Perumda Tirtawening;-6,901624;107,568315;Beroperasi Normal;Belum siap minum;"Fasilitas pengolahan, bukan titik minum; air di titik pakai belum tentu layak minum langsung";
327;BR-WATER-166;Kabupaten Bandung;Reservoir;Perumda Tirta Raharja;-7,049318;107,607524;Beroperasi Normal;Belum siap minum;"Penampung/jaringan distribusi; masak dulu sebelum diminum";
202;BR-WATER-167;Kota Cimahi;Sumur Bor;Perumda Tirta Raharja;-6,879215;107,557421;Beroperasi Normal;Belum siap minum;"Air tanah; perlu diolah/dimasak dan diuji kualitasnya";
124;BR-WATER-168;Kota Bandung;Katup Distribusi;Perumda Tirtawening;-6,937418;107,641315;Pemeliharaan;Belum siap minum;"Katup jaringan distribusi, bukan titik minum; masak dulu sebelum diminum";
394;BR-WATER-169;Kabupaten Bandung Barat;Mata Air Alami;Perumda Tirta Raharja / Swasta;-6,793624;107,503218;Beroperasi Normal;Belum siap minum;"Air baku mata air; perlu diolah/dimasak dan diuji kualitasnya";
328;BR-WATER-170;Kabupaten Bandung;Sumur Bor;Perumda Tirta Raharja;-7,015318;107,557624;Beroperasi Normal;Belum siap minum;"Air tanah; perlu diolah/dimasak dan diuji kualitasnya";
125;BR-WATER-171;Kota Bandung;Reservoir;Perumda Tirtawening;-6,882421;107,681315;Debit Menurun;Belum siap minum;"Penampung/jaringan distribusi; masak dulu sebelum diminum";
203;BR-WATER-172;Kota Cimahi;Instalasi Pengolahan Air (IPA);Perumda Tirta Raharja;-6,867318;107,526421;Beroperasi Normal;Belum siap minum;"Fasilitas pengolahan, bukan titik minum; air di titik pakai belum tentu layak minum langsung";
329;BR-WATER-173;Kabupaten Bandung;Katup Distribusi;Perumda Tirta Raharja;-7,031624;107,619318;Beroperasi Normal;Belum siap minum;"Katup jaringan distribusi, bukan titik minum; masak dulu sebelum diminum";
395;BR-WATER-174;Kabupaten Bandung Barat;Reservoir;Perumda Tirta Raharja / Swasta;-6,838215;107,535624;Beroperasi Normal;Belum siap minum;"Penampung/jaringan distribusi; masak dulu sebelum diminum";
126;BR-WATER-175;Kota Bandung;Mata Air Alami;Perumda Tirtawening;-6,949318;107,608421;Beroperasi Normal;Belum siap minum;"Air baku mata air; perlu diolah/dimasak dan diuji kualitasnya";
330;BR-WATER-176;Kabupaten Bandung;Instalasi Pengolahan Air (IPA);Perumda Tirta Raharja;-6,997624;107,689315;Debit Menurun;Belum siap minum;"Fasilitas pengolahan, bukan titik minum; air di titik pakai belum tentu layak minum langsung";
204;BR-WATER-177;Kota Cimahi;Reservoir;Perumda Tirta Raharja;-6,890315;107,550624;Beroperasi Normal;Belum siap minum;"Penampung/jaringan distribusi; masak dulu sebelum diminum";
127;BR-WATER-178;Kota Bandung;Sumur Bor;Perumda Tirtawening;-6,917421;107,636815;Beroperasi Normal;Belum siap minum;"Air tanah; perlu diolah/dimasak dan diuji kualitasnya";
396;BR-WATER-179;Kabupaten Bandung Barat;Katup Distribusi;Perumda Tirta Raharja / Swasta;-6,811318;107,481624;Beroperasi Normal;Belum siap minum;"Katup jaringan distribusi, bukan titik minum; masak dulu sebelum diminum";
331;BR-WATER-180;Kabupaten Bandung;Mata Air Alami;Perumda Tirta Raharja;-7,057421;107,706318;Pemeliharaan;Belum siap minum;"Air baku mata air; perlu diolah/dimasak dan diuji kualitasnya";
128;BR-WATER-181;Kota Bandung;Reservoir;Perumda Tirtawening;-6,906318;107,681421;Beroperasi Normal;Belum siap minum;"Penampung/jaringan distribusi; masak dulu sebelum diminum";
205;BR-WATER-182;Kota Cimahi;Katup Distribusi;Perumda Tirta Raharja;-6,875421;107,516318;Debit Menurun;Belum siap minum;"Katup jaringan distribusi, bukan titik minum; masak dulu sebelum diminum";
332;BR-WATER-183;Kabupaten Bandung;Sumur Bor;Perumda Tirta Raharja;-7,024318;107,612421;Beroperasi Normal;Belum siap minum;"Air tanah; perlu diolah/dimasak dan diuji kualitasnya";
397;BR-WATER-184;Kabupaten Bandung Barat;Mata Air Alami;Perumda Tirta Raharja / Swasta;-6,802421;107,526318;Beroperasi Normal;Belum siap minum;"Air baku mata air; perlu diolah/dimasak dan diuji kualitasnya";
129;BR-WATER-185;Kota Bandung;Instalasi Pengolahan Air (IPA);Perumda Tirtawening;-6,931318;107,571421;Beroperasi Normal;Belum siap minum;"Fasilitas pengolahan, bukan titik minum; air di titik pakai belum tentu layak minum langsung";
333;BR-WATER-186;Kabupaten Bandung;Katup Distribusi;Perumda Tirta Raharja;-7,044421;107,648318;Beroperasi Normal;Belum siap minum;"Katup jaringan distribusi, bukan titik minum; masak dulu sebelum diminum";
206;BR-WATER-187;Kota Cimahi;Reservoir;Perumda Tirta Raharja;-6,883318;107,539421;Pemeliharaan;Belum siap minum;"Penampung/jaringan distribusi; masak dulu sebelum diminum";
130;BR-WATER-188;Kota Bandung;Sumur Bor;Perumda Tirtawening;-6,920421;107,661318;Beroperasi Normal;Belum siap minum;"Air tanah; perlu diolah/dimasak dan diuji kualitasnya";
398;BR-WATER-189;Kabupaten Bandung Barat;Instalasi Pengolahan Air (IPA);Perumda Tirta Raharja / Swasta;-6,826318;107,512421;Beroperasi Normal;Belum siap minum;"Fasilitas pengolahan, bukan titik minum; air di titik pakai belum tentu layak minum langsung";
334;BR-WATER-190;Kabupaten Bandung;Mata Air Alami;Perumda Tirta Raharja;-7,011421;107,724318;Debit Menurun;Belum siap minum;"Air baku mata air; perlu diolah/dimasak dan diuji kualitasnya";
131;BR-WATER-191;Kota Bandung;Katup Distribusi;Perumda Tirtawening;-6,895318;107,625421;Beroperasi Normal;Belum siap minum;"Katup jaringan distribusi, bukan titik minum; masak dulu sebelum diminum";
207;BR-WATER-192;Kota Cimahi;Sumur Bor;Perumda Tirta Raharja;-6,868421;107,548318;Beroperasi Normal;Belum siap minum;"Air tanah; perlu diolah/dimasak dan diuji kualitasnya";
335;BR-WATER-193;Kabupaten Bandung;Reservoir;Perumda Tirta Raharja;-6,978318;107,592421;Beroperasi Normal;Belum siap minum;"Penampung/jaringan distribusi; masak dulu sebelum diminum";
399;BR-WATER-194;Kabupaten Bandung Barat;Mata Air Alami;Perumda Tirta Raharja / Swasta;-6,814421;107,498318;Beroperasi Normal;Belum siap minum;"Air baku mata air; perlu diolah/dimasak dan diuji kualitasnya";
132;BR-WATER-195;Kota Bandung;Instalasi Pengolahan Air (IPA);Perumda Tirtawening;-6,912318;107,648421;Debit Menurun;Belum siap minum;"Fasilitas pengolahan, bukan titik minum; air di titik pakai belum tentu layak minum langsung";
336;BR-WATER-196;Kabupaten Bandung;Katup Distribusi;Perumda Tirta Raharja;-7,036421;107,574318;Beroperasi Normal;Belum siap minum;"Katup jaringan distribusi, bukan titik minum; masak dulu sebelum diminum";
208;BR-WATER-197;Kota Cimahi;Reservoir;Perumda Tirta Raharja;-6,899318;107,531421;Beroperasi Normal;Belum siap minum;"Penampung/jaringan distribusi; masak dulu sebelum diminum";
133;BR-WATER-198;Kota Bandung;Sumur Bor;Perumda Tirtawening;-6,928421;107,618318;Pemeliharaan;Belum siap minum;"Air tanah; perlu diolah/dimasak dan diuji kualitasnya";
400;BR-WATER-199;Kabupaten Bandung Barat;Katup Distribusi;Perumda Tirta Raharja / Swasta;-6,807318;107,536421;Beroperasi Normal;Belum siap minum;"Katup jaringan distribusi, bukan titik minum; masak dulu sebelum diminum";
337;BR-WATER-200;Kabupaten Bandung;Mata Air Alami;Perumda Tirta Raharja;-7,052421;107,697318;Beroperasi Normal;Belum siap minum;"Air baku mata air; perlu diolah/dimasak dan diuji kualitasnya";
